a	000	28	0	4	7	5	1.3333333333333333	1	5	5	5	6	12	12	1	1	6
a	001	53	1	0	9	11	0.9166666666666666	2	13	13	8	10	8	12	1	1	0
a	002	44	0	0	10	8	1.0909090909090908	0	9	11	6	9	7	10	1	1	0
a	003	21	0	3	3	2	1.6666666666666667	1	8	10	6	5	7	11	1	1	0
a	004	26	2	0	7	3	1.0	2	5	4	8	10	15	7	1	1	2
a	005	43	2	0	8	8	0.8461538461538461	1	9	9	10	12	11	9	1	1	0
a	006	36	0	1	8	5	1.0	0	7	8	9	10	10	13	1	1	0
a	007	58	0	1	10	9	0.8333333333333334	0	9	10	6	9	0	1	1	1	0
a	008	33	0	3	5	3	1.0	0	7	6	13	15	21	12	1	1	3
a	009	36	0	0	7	8	0.8	1	9	9	6	7	6	10	1	1	0
a	010	46	2	1	8	10	1.0	1	17	18	6	11	11	21	1	1	0
a	011	69	1	0	11	11	1.0833333333333333	0	12	11	12	13	1	0	1	1	0
a	012	57	0	4	4	12	1.2142857142857142	2	24	28	11	8	9	26	1	1	0
a	013	40	0	0	9	8	0.9090909090909091	1	7	7	12	14	14	8	1	1	1
a	014	33	0	3	7	5	1.3	1	7	8	8	10	15	13	1	1	2
a	015	20	1	1	4	4	0.875	1	3	4	8	8	12	5	1	1	0
a	016	58	0	0	11	9	0.9230769230769231	0	11	12	13	15	5	10	1	1	0
a	017	41	1	0	7	9	1.2222222222222223	1	14	14	4	6	2	14	1	1	0
a	018	48	0	1	11	9	0.8461538461538461	0	8	10	16	15	12	9	1	1	0
a	019	26	0	1	5	4	1.375	0	6	9	5	5	9	13	1	1	2
a	020	20	1	1	4	4	0.875	1	3	4	8	8	12	5	1	1	0
a	021	40	1	0	7	9	0.8571428571428571	1	7	9	14	14	16	8	1	1	0
a	022	35	0	2	5	4	1.0833333333333333	1	8	11	12	12	18	16	1	1	3
a	023	46	1	0	9	8	1.0	0	8	9	10	12	11	8	1	1	0
a	024	19	1	2	5	3	1.1428571428571428	3	5	5	5	7	10	9	1	0	1
a	025	27	0	2	4	4	1.25	1	8	9	8	7	11	12	1	1	2
a	026	37	1	0	6	4	0.9285714285714286	1	8	9	12	13	20	17	1	1	4
a	027	53	0	0	13	10	0.9230769230769231	0	7	8	17	16	13	7	1	1	0
a	028	33	0	1	3	5	0.7692307692307693	0	5	8	14	14	20	11	1	1	3
a	029	53	0	0	12	10	1.0	1	9	10	15	14	12	9	1	1	0
a	030	43	0	0	10	7	0.7272727272727273	0	7	6	11	13	4	5	1	1	0
a	031	50	0	1	10	9	1.1666666666666667	0	8	10	11	10	6	9	1	1	0
a	032	25	0	4	6	3	1.375	1	5	7	5	6	9	13	1	1	4
a	033	49	0	1	11	10	0.9285714285714286	0	8	9	13	14	13	10	1	1	0
a	034	61	0	1	10	8	0.9090909090909091	0	12	13	6	9	0	2	1	1	0
a	035	28	0	3	6	5	1.8333333333333333	1	8	8	5	2	2	7	1	1	0
a	036	29	0	0	7	4	1.2857142857142858	0	7	8	10	8	9	7	1	1	0
a	037	41	0	0	7	10	1.0	2	11	13	8	8	8	12	1	1	0
a	038	46	0	1	10	8	1.1818181818181819	0	10	10	11	10	9	11	1	1	1
a	039	25	1	0	5	5	1.1428571428571428	0	6	7	6	6	6	6	1	1	0
a	040	50	0	0	11	8	1.0	1	14	14	16	17	17	16	1	1	1
a	041	22	1	1	3	6	1.0	1	9	11	3	5	7	14	1	1	0
a	042	47	0	0	10	9	1.2	1	9	9	10	9	8	9	1	1	0
a	043	28	1	5	6	3	1.3333333333333333	1	7	5	6	9	14	14	1	1	5
a	044	40	0	0	10	7	0.9	1	6	7	10	11	7	6	1	1	0
a	045	35	0	1	5	5	0.8461538461538461	1	6	8	13	14	20	10	1	1	1
a	046	29	0	5	6	4	1.4444444444444444	1	6	8	7	7	13	13	1	1	2
a	047	39	0	1	8	6	1.0909090909090908	1	10	11	9	11	13	15	1	1	0
a	048	21	0	1	4	4	1.1666666666666667	2	5	7	6	6	5	5	1	0	0
a	049	31	0	0	6	4	0.9090909090909091	1	5	6	9	9	16	12	1	1	3
a	050	51	3	0	9	6	0.8461538461538461	1	6	8	7	13	7	9	1	1	1
a	051	28	0	1	4	5	0.7777777777777778	0	7	6	11	11	11	6	1	1	0
a	052	30	0	0	7	6	1.2857142857142858	0	7	6	7	6	6	6	1	1	0
a	053	55	6	0	3	13	0.9285714285714286	1	33	33	15	17	16	34	1	1	0
a	054	45	0	1	10	7	1.0909090909090908	0	8	10	12	10	8	10	1	1	0
a	055	31	0	2	6	5	0.9	1	5	6	12	10	10	7	1	1	0
a	056	42	2	0	7	7	0.8333333333333334	1	10	9	13	14	11	9	1	1	0
a	057	33	1	0	6	5	1.0	0	7	8	11	11	14	8	1	1	0
a	058	31	0	0	5	4	0.75	1	7	6	15	15	21	10	1	1	2
a	059	32	1	0	8	6	0.9090909090909091	1	4	6	14	12	20	10	1	1	3
a	060	41	6	0	6	9	0.7692307692307693	0	18	16	4	12	10	20	1	1	0
a	061	46	0	2	12	7	0.9230769230769231	1	7	9	17	16	14	9	1	1	0
a	062	46	0	0	11	9	1.0909090909090908	1	8	10	13	11	10	9	1	1	0
a	063	31	1	0	7	2	1.3	0	7	9	6	7	13	15	1	1	3
a	064	25	1	6	4	4	1.5714285714285714	1	8	9	5	6	6	9	1	1	0
a	065	50	0	0	7	8	0.7857142857142857	0	11	12	17	20	19	10	1	1	0
a	066	38	1	1	7	7	0.8333333333333334	1	5	8	15	13	16	6	1	1	0
a	067	39	0	0	9	7	0.8333333333333334	1	7	7	14	15	16	9	1	1	1
a	068	44	0	0	10	6	0.7692307692307693	1	8	10	15	16	13	11	1	1	1
a	069	33	0	0	8	6	0.9	1	5	6	11	10	12	8	1	1	1
a	070	43	0	0	9	10	0.9090909090909091	2	11	14	9	8	8	12	1	1	0
a	071	46	0	1	9	9	1.1818181818181819	0	11	13	8	8	7	11	1	1	0
a	072	35	0	4	5	4	1.4	1	11	12	10	11	16	18	1	1	4
a	073	21	1	0	5	5	1.0	1	4	4	3	6	3	3	1	1	0
a	074	34	1	1	9	4	0.8181818181818182	1	7	6	12	11	10	10	1	1	1
a	075	47	0	1	10	4	1.25	0	16	18	14	15	15	23	1	1	2
a	076	24	0	1	4	4	0.875	0	4	6	6	8	7	6	1	1	0
a	077	31	0	1	8	5	1.2222222222222223	0	5	7	7	8	10	10	1	1	2
a	078	42	1	0	8	6	0.9230769230769231	1	9	10	13	15	17	15	1	1	1
a	079	23	1	0	6	6	0.8571428571428571	1	4	4	4	7	5	3	1	1	0
a	080	47	4	1	6	11	0.9230769230769231	1	21	21	6	12	10	25	1	1	0
a	081	49	0	0	10	11	0.9230769230769231	1	9	8	14	14	12	8	1	1	0
a	082	50	0	1	10	8	1.0769230769230769	0	8	10	15	12	13	9	1	1	0
a	083	31	1	1	6	5	0.9	0	6	5	7	8	8	6	1	1	0
a	084	28	0	0	8	6	1.25	0	4	4	7	8	13	6	1	1	2
a	085	22	2	0	3	3	0.875	1	7	8	7	7	8	9	1	1	0
a	086	31	1	0	8	6	0.6	0	7	7	6	10	8	8	1	1	0
a	087	49	0	3	12	8	0.9230769230769231	1	9	9	12	13	8	9	1	1	0
a	088	64	0	0	10	10	0.8333333333333334	0	9	9	10	14	0	0	1	1	0
a	089	35	0	2	7	6	1.1	0	9	8	11	13	14	10	1	1	1
a	090	40	0	0	8	8	1.0833333333333333	1	9	9	9	10	15	15	1	1	2
a	091	80	0	0	12	9	0.75	0	9	12	7	11	0	0	1	1	0
a	092	38	1	2	10	6	1.1818181818181819	1	6	6	10	11	17	13	1	1	4
a	093	29	0	1	4	6	1.0	0	6	8	9	7	7	8	1	1	0
a	094	42	0	0	9	8	1.3333333333333333	0	9	9	6	10	7	11	1	1	1
a	095	37	0	5	8	5	1.2727272727272727	1	7	7	9	9	10	13	1	1	2
a	096	35	0	3	9	5	1.3	1	6	8	9	6	12	13	1	1	4
a	097	49	0	1	10	9	1.1818181818181819	0	10	11	11	13	10	10	1	1	0
a	098	31	0	1	7	5	1.0	0	5	6	7	8	7	4	1	1	0
a	099	21	1	0	5	5	1.0	1	5	5	5	5	4	4	1	1	0
b	000	35	6	0	5	6	0.5384615384615384	1	5	8	13	10	11	3	1	1	0
b	001	39	6	0	6	6	0.625	1	9	8	17	13	18	10	1	1	0
b	002	31	5	0	5	6	0.6153846153846154	1	8	6	12	11	14	7	1	1	0
b	003	23	7	0	4	4	0.45454545454545453	1	3	5	10	10	9	3	1	1	0
b	004	37	6	0	6	3	0.6666666666666666	1	10	11	16	15	15	14	1	1	1
b	005	34	7	0	5	5	0.4	1	5	5	18	14	16	4	1	1	0
b	006	32	7	0	4	3	0.5333333333333333	1	7	9	16	14	17	11	1	1	1
b	007	25	5	0	2	2	0.5454545454545454	1	7	8	13	12	13	8	1	1	0
b	008	26	6	0	3	2	0.5384615384615384	1	7	7	14	11	14	10	1	1	0
b	009	30	6	1	4	4	0.6428571428571429	1	6	7	11	12	16	11	1	1	2
b	010	25	6	0	4	4	0.4166666666666667	1	3	4	12	10	11	3	1	1	0
b	011	27	7	0	3	4	0.35714285714285715	1	4	5	15	13	14	4	1	1	0
b	012	24	7	0	4	4	0.5	1	5	5	11	9	11	6	1	1	0
b	013	29	5	0	6	4	0.5384615384615384	3	7	7	14	12	14	8	2	1	1
b	014	44	0	0	8	4	0.5	0	6	7	16	15	4	6	1	1	0
b	015	32	4	0	4	7	0.75	1	8	6	9	7	8	7	1	1	0
b	016	35	6	0	3	3	0.7142857142857143	1	13	13	16	14	17	15	1	1	0
b	017	23	5	0	3	2	0.6363636363636364	1	5	7	10	8	12	10	1	1	2
b	018	32	0	0	5	3	0.5454545454545454	0	5	7	12	10	3	6	1	1	0
b	019	33	8	0	4	4	0.6	1	9	10	14	13	16	12	1	1	1
b	020	28	6	0	3	4	0.6923076923076923	1	8	6	13	11	18	11	1	1	2
b	021	26	6	0	4	4	0.46153846153846156	1	4	3	13	11	15	4	1	1	0
b	022	21	4	0	4	4	0.5555555555555556	1	3	4	9	6	7	3	1	1	0
b	023	78	0	0	9	11	0.6875	0	8	9	17	13	0	1	1	1	0
b	024	30	6	0	5	4	0.5714285714285714	1	6	5	14	12	15	9	1	1	1
b	025	39	7	0	6	6	0.8571428571428571	1	13	15	13	10	13	15	1	1	0
b	026	32	7	0	5	4	0.5333333333333333	1	8	7	16	13	16	10	1	1	0
b	027	32	5	1	7	4	0.6923076923076923	1	6	9	13	12	13	11	1	1	0
b	028	33	5	2	6	6	0.8333333333333334	2	8	10	10	9	10	10	1	1	0
b	029	37	6	0	6	6	0.6428571428571429	1	8	10	15	12	14	9	1	1	0
b	030	30	3	0	4	5	0.5833333333333334	1	5	7	14	12	15	7	1	1	1
b	031	28	4	0	3	4	0.5714285714285714	1	5	4	15	13	20	9	1	1	2
b	032	39	3	0	5	7	0.8333333333333334	1	12	11	14	12	13	11	1	1	0
b	033	56	7	0	10	8	0.7058823529411765	2	12	12	19	17	15	11	1	1	0
b	034	24	6	0	3	3	0.6363636363636364	0	6	7	10	8	9	7	1	1	0
b	035	31	5	0	4	5	0.6153846153846154	1	6	8	13	11	14	9	1	1	1
b	036	29	3	0	7	4	0.7	1	6	5	10	10	7	7	1	1	0
b	037	28	6	0	4	4	0.5833333333333334	1	7	7	12	10	12	8	1	1	0
b	038	35	6	0	4	3	0.5333333333333333	1	8	9	18	17	18	11	1	1	0
b	039	24	4	0	5	5	0.6666666666666666	1	3	4	7	6	5	3	1	1	0
b	040	24	6	0	3	2	0.46153846153846156	1	4	4	14	11	16	8	1	1	2
b	041	37	6	0	4	3	0.6666666666666666	1	12	12	18	15	19	15	1	1	2
b	042	30	6	0	4	5	0.5	1	6	6	16	12	16	7	1	1	0
b	043	38	6	0	8	5	0.5714285714285714	1	7	7	15	14	11	7	1	1	0
b	044	28	7	0	5	3	0.42857142857142855	1	4	4	16	12	14	5	1	1	0
b	045	50	4	0	8	8	0.9285714285714286	1	13	13	14	13	12	12	1	1	0
b	046	29	6	0	4	4	0.5833333333333334	1	8	8	13	11	12	8	1	1	0
b	047	24	6	0	4	4	0.38461538461538464	1	2	3	13	11	14	4	1	1	1
b	048	31	6	0	4	4	0.5	1	7	7	16	14	16	8	1	1	0
b	049	43	7	0	8	7	0.5625	1	8	7	16	14	14	6	1	1	0
b	050	21	6	0	2	2	0.3333333333333333	1	3	3	14	12	14	4	1	1	0
b	051	35	7	0	5	3	0.625	1	8	8	14	12	17	14	1	1	1
b	052	53	6	0	9	8	0.9333333333333333	1	17	15	14	11	10	16	1	1	0
b	053	29	5	0	3	2	0.6153846153846154	1	8	8	15	12	17	12	1	1	2
b	054	31	6	0	4	3	0.6153846153846154	1	8	9	14	12	14	9	1	1	0
b	055	50	0	0	8	6	0.4666666666666667	0	4	4	17	11	0	2	1	1	0
b	056	28	6	0	4	3	0.5384615384615384	1	5	7	13	12	13	7	1	1	0
b	057	37	6	0	6	5	0.7857142857142857	1	10	9	12	12	14	14	1	1	0
b	058	35	6	1	6	4	0.7692307692307693	1	10	10	13	9	10	13	1	1	0
b	059	86	0	0	18	12	0.6666666666666666	0	12	14	19	15	4	0	1	2	0
b	060	25	6	0	3	2	0.38461538461538464	1	4	5	15	14	15	6	1	1	0
b	061	25	7	0	4	3	0.2857142857142857	1	2	3	15	14	15	2	1	1	0
b	062	27	5	0	5	4	0.5	1	4	5	12	11	12	5	1	1	0
b	063	38	5	0	7	6	0.75	1	8	7	12	9	7	7	1	1	0
b	064	34	9	0	6	4	0.5	1	7	8	16	14	15	9	1	1	0
b	065	30	4	0	6	3	0.7272727272727273	1	7	8	12	9	10	8	1	1	0
b	066	19	5	0	2	2	0.5	1	4	5	11	8	11	6	1	1	0
b	067	39	4	0	5	6	0.5714285714285714	1	7	8	15	10	11	7	1	1	0
b	068	27	8	0	2	3	0.4666666666666667	1	6	6	14	12	17	11	1	1	1
b	069	42	6	0	7	4	0.6470588235294118	1	8	7	14	14	17	14	1	1	3
b	070	26	5	0	2	4	0.7272727272727273	1	8	8	10	10	13	9	1	1	1
b	071	33	6	1	5	5	0.5714285714285714	1	6	7	13	10	12	8	1	1	0
b	072	23	5	0	5	5	0.5	1	2	5	9	8	8	2	1	1	0
b	073	50	4	0	7	8	0.5882352941176471	1	9	12	17	14	9	8	1	1	0
b	074	26	7	1	3	4	0.5384615384615384	1	3	6	11	10	13	7	1	1	1
b	075	29	9	1	4	1	0.6428571428571429	1	10	10	14	10	14	15	1	1	1
b	076	24	6	0	4	5	0.45454545454545453	1	5	4	11	9	9	3	1	1	0
b	077	88	0	0	9	12	0.75	0	11	11	17	13	0	0	1	1	0
b	078	37	6	0	7	4	0.5	1	6	7	18	18	18	9	1	1	1
b	079	37	8	0	6	6	0.3888888888888889	1	3	3	19	15	18	3	1	2	0
b	080	35	5	0	6	3	0.7857142857142857	1	10	10	14	13	17	15	1	1	2
b	081	25	6	1	4	2	0.9090909090909091	1	10	9	9	6	11	15	1	1	1
b	082	39	7	0	7	6	0.5333333333333333	1	7	5	15	15	15	6	1	1	0
b	083	29	7	0	2	2	0.6153846153846154	1	10	11	15	12	15	12	1	1	0
b	084	30	3	0	4	5	0.9090909090909091	1	9	10	9	8	10	12	1	1	0
b	085	39	8	0	7	6	0.5	1	8	6	18	14	15	7	1	1	0
b	086	28	6	0	3	4	0.5	1	5	5	13	13	15	8	1	1	0
b	087	31	6	0	4	5	0.5384615384615384	1	4	6	13	12	14	4	1	1	0
b	088	19	5	0	2	2	0.5	1	4	5	11	8	11	6	1	1	0
b	089	30	7	0	6	3	0.6923076923076923	1	8	9	12	10	11	12	1	1	1
b	090	34	7	2	4	3	0.625	2	7	9	15	15	18	11	1	1	0
b	091	23	5	0	3	3	0.7272727272727273	1	7	6	10	10	15	10	1	1	2
b	092	43	4	1	7	5	1.1666666666666667	1	15	15	11	8	10	17	1	1	0
b	093	33	7	0	5	4	0.6428571428571429	1	9	11	14	12	14	12	1	1	0
b	094	33	7	0	5	5	0.5333333333333333	1	6	5	15	12	15	8	1	1	1
b	095	27	6	0	5	3	0.5384615384615384	1	4	4	13	9	15	8	1	1	3
b	096	35	7	0	5	6	0.5	1	7	8	14	14	14	5	1	1	0
b	097	46	2	0	6	9	0.5625	0	10	10	13	9	8	10	1	1	0
b	098	40	8	0	6	5	0.5625	1	10	12	18	16	16	11	1	1	0
b	099	30	8	0	2	3	0.6666666666666666	1	9	8	12	11	16	12	1	1	2
c	000	52	0	0	8	9	0.8333333333333334	0	10	10	6	6	0	2	1	0	0
c	001	20	3	0	4	4	0.75	0	6	6	6	6	7	5	1	0	0
c	002	37	7	3	3	6	0.9333333333333333	2	15	17	7	7	7	16	1	0	0
c	003	25	4	0	4	4	1.0	0	11	11	5	5	6	15	1	0	0
c	004	28	8	1	4	3	0.7857142857142857	2	11	10	8	7	11	17	1	0	2
c	005	26	7	1	2	3	0.7142857142857143	2	8	7	8	9	13	15	1	0	2
c	006	45	0	0	8	9	0.8181818181818182	0	11	10	6	5	0	0	1	0	0
c	007	22	7	1	2	1	0.6923076923076923	1	6	5	6	8	13	11	1	0	4
c	008	30	8	0	4	4	0.7857142857142857	1	12	12	6	6	8	16	1	0	2
c	009	21	6	1	3	2	0.9	1	10	9	5	6	9	14	1	0	3
c	010	40	8	0	3	5	1.0	1	20	19	7	6	8	23	1	0	2
c	011	29	6	1	3	5	0.7692307692307693	2	11	12	7	6	6	12	1	0	0
c	012	23	6	0	4	3	0.8181818181818182	2	9	9	7	5	9	14	1	0	1
c	013	24	6	1	3	3	0.9090909090909091	1	10	10	6	6	8	14	1	0	0
c	014	21	2	0	2	3	1.1428571428571428	2	11	11	4	2	2	11	1	0	0
c	015	59	0	0	11	11	1.0	0	14	14	9	11	0	0	1	0	0
c	016	32	7	0	4	4	1.0	2	15	16	7	6	7	18	1	0	0
c	017	21	3	1	3	3	1.0	1	8	8	5	3	3	8	1	0	0
c	018	14	6	0	2	1	0.75	2	7	7	4	4	6	10	1	0	2
c	019	43	6	1	4	8	0.875	1	15	15	8	6	6	15	1	0	0
c	020	27	5	1	3	4	0.75	1	9	9	7	5	5	10	1	0	0
c	021	33	3	1	5	6	1.0909090909090908	0	13	13	6	7	7	14	1	0	0
c	022	27	3	0	4	4	0.9	0	9	9	6	6	6	9	1	0	0
c	023	20	4	0	3	3	0.6666666666666666	1	5	6	7	6	6	5	1	0	0
c	024	33	5	0	5	6	0.9230769230769231	0	10	10	5	5	7	14	1	0	2
c	025	17	3	1	3	3	0.75	2	6	6	5	3	3	6	1	0	0
c	026	45	0	0	8	8	0.7272727272727273	0	9	9	7	5	0	0	1	0	0
c	027	41	6	0	5	5	0.7333333333333333	1	14	14	14	14	14	13	1	0	0
c	028	31	7	1	3	2	1.0833333333333333	1	17	18	7	6	7	22	1	0	1
c	029	25	7	0	4	2	0.9166666666666666	2	11	11	5	5	11	18	1	0	2
c	030	18	6	0	2	1	0.75	2	10	10	8	6	6	10	1	0	0
c	031	20	5	0	3	4	0.7	1	6	7	6	7	9	9	1	0	1
c	032	42	9	0	4	6	0.9375	2	21	22	9	8	9	22	1	0	0
c	033	18	3	1	2	3	0.875	2	8	7	4	3	3	8	1	0	0
c	034	30	8	0	4	2	1.0	2	16	16	3	3	8	24	1	0	4
c	035	35	6	0	5	5	0.75	1	8	9	9	9	14	16	1	0	1
c	036	28	7	2	3	2	1.0833333333333333	2	15	15	5	5	7	21	1	0	2
c	037	38	12	0	2	1	0.9285714285714286	2	24	24	14	12	12	24	1	0	0
c	038	14	3	1	2	3	0.7142857142857143	1	5	5	5	3	3	5	1	0	0
c	039	32	6	0	4	5	0.7142857142857143	1	10	11	8	7	7	10	1	0	0
c	040	28	6	2	3	3	1.1818181818181819	2	15	14	4	4	6	18	1	0	2
c	041	26	4	0	3	4	1.1111111111111112	1	13	13	5	3	4	14	1	0	0
c	042	23	4	1	4	4	0.9	2	10	10	4	4	4	11	1	0	0
c	043	37	7	3	4	5	0.9333333333333333	2	12	13	7	6	7	14	1	0	1
c	044	21	4	0	3	3	0.6	1	5	7	9	9	10	7	1	0	0
c	045	24	8	1	2	1	0.9	2	14	15	9	8	8	15	1	0	0
c	046	25	7	1	3	3	0.9166666666666666	2	13	13	5	5	7	16	1	0	0
c	047	31	7	0	3	5	0.7857142857142857	2	14	13	7	6	7	15	1	0	0
c	048	13	4	1	1	2	0.625	2	5	4	5	4	4	6	1	0	0
c	049	23	3	0	4	2	1.0	2	10	11	5	4	5	14	1	0	0
c	050	31	4	0	4	5	0.9166666666666666	1	12	12	6	9	8	13	1	0	0
c	051	42	5	0	7	8	0.7333333333333333	1	9	10	11	10	10	9	1	0	0
c	052	32	6	0	5	6	0.7857142857142857	1	10	9	7	8	12	15	1	0	3
c	053	28	6	1	2	3	0.9090909090909091	2	14	14	8	6	6	14	1	0	0
c	054	25	6	1	2	1	0.9090909090909091	2	14	14	8	6	6	17	1	0	0
c	055	24	4	0	3	4	0.8	1	9	10	7	6	6	9	1	0	0
c	056	17	5	1	2	0	1.0	2	7	7	2	2	9	15	1	0	6
c	057	14	6	0	2	1	0.625	2	7	7	6	6	6	8	1	0	0
c	058	28	5	1	4	6	0.8333333333333334	0	10	10	6	6	6	10	1	0	0
c	059	22	7	1	2	2	0.8333333333333334	2	10	10	4	4	7	15	1	0	2
c	060	36	5	1	4	6	1.1666666666666667	2	18	16	6	6	8	19	1	0	0
c	061	25	8	0	2	3	0.6428571428571429	2	9	9	7	5	8	12	1	0	1
c	062	19	8	0	2	2	0.5454545454545454	2	8	7	8	7	8	9	1	0	1
c	063	45	4	0	7	10	0.9285714285714286	1	14	14	10	10	10	13	1	0	0
c	064	30	6	0	5	6	0.7142857142857143	2	9	9	10	10	15	12	1	0	1
c	065	27	4	0	5	5	0.8	0	8	8	6	6	6	7	1	0	0
c	066	21	2	0	2	3	1.0	2	10	10	4	3	2	11	1	0	0
c	067	40	12	0	2	1	1.0	2	26	26	14	12	12	26	1	0	0
c	068	29	4	0	4	7	0.7272727272727273	0	8	8	8	8	8	7	1	0	0
c	069	35	7	0	2	2	0.7692307692307693	2	17	17	15	15	15	16	1	0	0
c	070	28	5	1	3	5	0.75	2	9	9	7	5	5	9	1	0	0
c	071	35	5	0	5	5	0.9285714285714286	1	13	12	6	7	12	19	1	0	4
c	072	23	6	0	2	2	0.8888888888888888	2	13	13	8	6	6	13	1	0	0
c	073	23	3	0	4	5	0.6666666666666666	0	5	6	7	7	7	4	1	0	0
c	074	42	7	1	3	5	1.0	2	21	21	9	8	7	21	1	0	0
c	075	25	9	0	2	3	0.7692307692307693	2	11	12	6	5	9	14	1	0	1
c	076	32	3	0	4	5	1.2	2	17	17	5	3	3	17	1	0	0
c	077	23	4	0	2	2	1.2857142857142858	2	15	15	6	4	4	15	1	0	0
c	078	30	10	0	3	3	0.9230769230769231	1	16	17	7	8	11	20	1	0	2
c	079	54	0	0	8	9	0.8181818181818182	0	13	13	13	11	0	0	1	0	0
c	080	32	6	0	4	6	1.0	1	12	13	5	6	8	14	1	0	1
c	081	35	6	0	3	6	0.7857142857142857	2	13	13	8	6	6	13	1	0	0
c	082	30	6	0	2	6	0.6428571428571429	1	10	10	8	6	6	10	1	0	0
c	083	32	6	0	6	3	1.0	2	15	14	7	6	8	22	1	0	1
c	084	42	7	2	6	7	1.0	0	17	17	9	9	9	17	1	0	0
c	085	17	3	0	2	2	0.8571428571428571	2	8	8	5	3	3	8	1	0	0
c	086	39	4	1	6	6	1.0833333333333333	0	15	14	7	6	6	14	1	0	0
c	087	25	6	0	4	2	0.9090909090909091	1	12	11	6	7	9	17	1	0	2
c	088	18	5	1	3	3	1.0	2	9	8	4	3	5	11	1	0	1
c	089	22	3	1	3	4	0.8888888888888888	2	9	9	5	3	3	9	1	0	0
c	090	33	6	0	6	6	0.6	1	6	6	10	12	14	7	1	0	0
c	091	28	11	0	3	2	0.8571428571428571	2	15	15	6	6	11	20	1	0	3
c	092	27	8	2	2	3	0.7857142857142857	2	12	12	7	7	8	16	1	0	1
c	093	25	7	1	3	2	1.0	2	13	13	5	5	8	18	1	0	3
c	094	22	4	0	3	3	0.8888888888888888	2	9	9	6	4	7	11	1	0	0
c	095	40	7	0	7	8	0.625	1	8	9	12	11	11	8	1	0	0
c	096	38	6	1	5	7	0.9285714285714286	1	17	16	8	7	7	16	1	0	0
c	097	22	9	0	2	3	0.6153846153846154	1	8	7	7	8	13	12	1	0	3
c	098	34	12	0	2	1	0.6111111111111112	2	13	13	14	14	20	20	1	1	4
c	099	20	3	1	2	3	1.0	2	9	10	6	5	7	11	1	0	0
d	000	30	6	0	4	4	0.42857142857142855	1	4	6	14	16	16	5	1	1	0
d	001	38	5	0	6	5	0.7142857142857143	1	9	8	11	16	15	11	1	1	0
d	002	25	5	1	5	4	0.7	1	3	5	8	7	7	3	1	1	0
d	003	27	7	0	2	2	0.46153846153846156	1	7	7	13	15	15	8	1	1	0
d	004	50	0	0	9	7	0.8	0	13	14	19	19	19	13	1	1	0
d	005	30	7	2	4	4	0.6428571428571429	2	6	7	11	11	16	10	1	1	2
d	006	43	2	4	6	5	0.8571428571428571	2	9	13	12	12	8	11	1	1	0
d	007	29	4	0	6	5	0.5454545454545454	1	1	4	6	9	4	1	1	1	0
d	008	25	8	0	4	3	0.46153846153846156	1	5	5	11	12	12	6	1	1	0
d	009	24	5	0	3	2	0.5833333333333334	1	3	4	9	12	15	8	1	1	2
d	010	27	6	1	5	3	0.7272727272727273	1	3	6	9	9	9	5	1	1	0
d	011	23	8	0	3	5	0.46153846153846156	1	4	5	9	9	13	7	1	1	1
d	012	25	2	0	7	4	0.8	1	4	4	9	11	15	8	1	1	2
d	013	36	8	0	2	2	0.7142857142857143	1	15	16	15	16	16	16	1	1	0
d	014	32	5	0	4	2	0.7692307692307693	1	11	12	11	14	15	16	1	1	1
d	015	22	7	0	2	2	0.4166666666666667	1	4	6	11	13	13	6	1	1	0
d	016	24	5	0	5	4	0.6363636363636364	1	4	4	8	9	10	6	1	1	0
d	017	25	7	0	4	5	0.5384615384615384	1	4	5	10	10	13	7	1	1	1
d	018	25	6	1	4	3	0.5833333333333334	2	5	6	9	11	13	8	1	1	0
d	019	35	7	0	6	6	0.4666666666666667	1	7	4	14	15	12	5	1	1	0
d	020	40	5	0	8	7	0.7692307692307693	1	7	8	13	14	13	7	1	1	0
d	021	29	6	1	4	5	0.6153846153846154	1	4	6	11	12	14	6	1	1	0
d	022	30	8	0	5	4	0.4	1	4	6	14	16	15	5	1	1	0
d	023	32	3	0	4	5	0.46153846153846156	2	3	4	10	11	9	3	1	1	0
d	024	30	6	0	3	4	0.42857142857142855	1	5	7	13	13	11	6	1	1	0
d	025	22	6	0	3	3	0.3333333333333333	1	2	4	12	13	13	3	1	1	0
d	026	35	6	0	5	6	0.5714285714285714	1	8	7	12	14	13	7	1	1	0
d	027	31	5	0	3	6	0.6153846153846154	0	8	8	10	12	13	9	1	1	0
d	028	26	4	0	5	3	0.6363636363636364	2	5	6	8	11	12	9	1	1	2
d	029	29	7	0	5	5	0.5714285714285714	1	6	6	11	12	15	9	1	1	1
d	030	47	4	0	9	10	0.75	1	7	10	12	12	13	9	1	1	0
d	031	24	8	0	4	3	0.38461538461538464	1	3	4	11	13	12	4	1	1	0
d	032	29	4	0	5	5	0.6363636363636364	1	5	6	9	10	9	6	1	1	0
d	033	21	3	2	5	4	0.7777777777777778	2	3	4	6	8	7	6	1	1	0
d	034	37	7	0	5	4	0.6	1	11	11	15	16	16	11	1	1	0
d	035	34	4	0	4	4	0.75	1	10	11	9	11	8	10	1	1	0
d	036	46	6	0	9	6	0.6666666666666666	1	8	9	15	17	12	8	1	1	0
d	037	23	6	0	3	1	0.5833333333333334	1	5	5	9	10	13	9	1	1	2
d	038	43	3	0	7	7	0.7857142857142857	1	8	8	13	13	9	9	1	1	0
d	039	20	8	0	2	2	0.3333333333333333	1	3	4	11	12	12	4	1	1	0
d	040	19	7	1	2	2	0.4166666666666667	1	2	2	10	10	12	5	1	1	0
d	041	46	5	3	5	5	0.875	2	10	11	14	16	21	18	1	2	4
d	042	29	7	1	5	3	0.5714285714285714	2	4	5	12	13	15	8	1	1	1
d	043	36	7	0	5	5	0.4375	1	6	7	16	18	17	6	1	1	0
d	044	27	9	0	4	2	0.5384615384615384	1	7	8	10	13	11	8	1	1	0
d	045	32	6	0	4	2	0.6428571428571429	1	9	9	12	16	18	14	1	1	2
d	046	21	3	0	4	4	0.6666666666666666	0	4	4	7	5	6	6	1	1	0
d	047	30	7	0	4	4	0.5	1	6	8	13	15	15	8	1	1	0
d	048	22	8	0	3	3	0.3076923076923077	1	2	4	12	14	13	3	1	1	0
d	049	35	6	0	4	4	0.5714285714285714	1	8	10	14	16	15	9	1	1	0
d	050	27	4	2	5	4	0.6363636363636364	2	4	5	10	10	10	5	1	1	0
d	051	37	7	0	6	7	0.5333333333333333	1	5	7	11	15	14	6	1	1	1
d	052	32	8	0	4	3	0.5	1	7	9	15	17	18	11	1	1	0
d	053	27	7	0	4	3	0.5714285714285714	2	4	5	11	13	17	9	1	1	2
d	054	29	3	1	5	6	0.6363636363636364	1	4	5	9	10	10	4	1	1	0
d	055	28	4	0	3	7	0.6363636363636364	1	7	5	10	10	11	5	1	1	0
d	056	30	2	1	5	5	0.8	1	2	5	7	6	3	3	1	1	0
d	057	27	7	0	4	4	0.46153846153846156	1	5	5	12	12	13	5	1	1	0
d	058	36	1	0	5	4	0.6428571428571429	0	6	7	10	13	10	12	1	1	2
d	059	70	0	0	9	10	0.7142857142857143	0	7	7	8	14	0	0	1	1	0
d	060	26	6	0	5	4	0.5	1	5	5	10	12	11	5	1	1	0
d	061	44	6	0	9	8	0.6	2	6	8	14	16	13	6	1	1	0
d	062	36	4	1	7	7	0.8181818181818182	1	6	8	10	11	8	7	1	1	0
d	063	41	2	1	8	5	0.7857142857142857	1	6	7	10	13	10	9	1	1	1
d	064	32	8	0	5	5	0.375	0	5	4	13	15	14	5	1	1	0
d	065	25	4	0	6	4	0.7	1	5	5	8	9	8	6	1	1	0
d	066	41	7	0	8	5	0.5625	1	7	8	17	18	17	8	1	1	0
d	067	33	5	0	6	5	0.6153846153846154	1	6	9	12	13	13	8	1	1	0
d	068	37	6	0	7	4	0.5714285714285714	1	6	7	11	16	11	6	1	1	0
d	069	24	7	0	3	3	0.46153846153846156	1	5	4	11	12	14	7	1	1	1
d	070	51	5	1	9	7	0.5882352941176471	0	7	10	15	19	11	9	1	1	0
d	071	76	0	0	10	10	0.7142857142857143	0	7	7	10	14	0	0	1	1	0
d	072	23	7	0	2	2	0.38461538461538464	1	4	4	11	15	15	6	1	1	0
d	073	30	6	0	3	3	0.5384615384615384	1	8	9	14	15	15	9	1	1	0
d	074	30	4	1	5	5	0.7272727272727273	1	6	9	9	11	10	8	1	1	0
d	075	33	5	1	6	5	0.6666666666666666	1	5	7	10	13	11	5	1	1	0
d	076	44	5	0	9	8	0.6470588235294118	1	8	9	15	16	18	10	1	1	0
d	077	29	2	2	4	6	0.9	1	6	9	7	7	5	7	1	1	0
d	078	24	6	0	5	4	0.4166666666666667	1	2	4	10	12	11	3	1	1	0
d	079	23	3	0	2	2	0.6	1	6	7	7	9	7	8	1	1	0
d	080	57	0	0	8	8	0.5714285714285714	0	5	5	9	13	0	0	1	1	0
d	081	37	6	0	6	6	0.5333333333333333	1	8	8	15	18	17	8	1	1	0
d	082	38	4	0	7	7	0.75	1	7	7	9	10	7	7	1	1	0
d	083	52	0	0	9	8	0.75	0	12	12	20	20	20	12	1	1	0
d	084	49	0	0	7	7	0.6428571428571429	0	8	9	11	14	2	7	1	1	0
d	085	31	2	0	5	4	0.4166666666666667	1	3	4	11	13	8	3	1	1	0
d	086	30	7	0	4	3	0.5	1	7	7	14	15	15	9	1	1	0
d	087	25	8	0	2	2	0.46153846153846156	1	6	8	12	14	14	8	1	1	0
d	088	26	3	0	5	7	0.7777777777777778	1	5	6	7	7	7	5	1	1	0
d	089	31	5	0	5	4	0.6923076923076923	1	9	8	11	12	14	11	1	1	0
d	090	22	6	0	4	4	0.45454545454545453	1	4	4	10	11	11	4	1	1	0
d	091	50	0	0	8	8	0.75	0	12	12	20	20	21	13	1	1	0
d	092	26	6	0	4	3	0.5	1	5	6	11	12	12	6	1	1	0
d	093	40	6	0	9	5	0.625	1	8	8	16	18	20	10	1	1	1
d	094	29	8	0	3	2	0.5714285714285714	1	8	9	12	14	15	12	1	1	0
d	095	30	7	0	3	3	0.4666666666666667	1	7	6	15	16	17	9	1	1	0
d	096	34	4	0	4	4	0.6	2	4	6	10	15	16	10	1	1	3
d	097	46	9	0	9	7	0.5555555555555556	2	7	9	19	19	18	8	1	3	0
d	098	27	7	0	4	4	0.46153846153846156	1	5	6	12	13	13	6	1	1	0
d	099	19	4	1	2	2	0.6	2	3	4	8	10	13	7	1	1	1
e	000	33	2	0	7	9	0.9090909090909091	1	13	14	7	6	10	21	1	1	2
e	001	33	3	1	5	8	0.8181818181818182	1	12	13	6	7	8	16	1	1	1
e	002	37	2	0	7	9	0.75	0	11	14	7	8	9	16	1	1	0
e	003	47	3	0	6	12	0.9230769230769231	1	21	20	7	7	8	24	1	1	1
e	004	28	1	0	6	7	0.875	1	9	9	5	4	3	10	1	1	0
e	005	39	4	0	4	11	1.0	1	22	21	8	6	11	26	1	1	2
e	006	39	2	0	8	8	0.6666666666666666	0	10	12	9	8	9	12	1	1	0
e	007	32	3	0	6	7	0.8181818181818182	1	10	13	9	8	8	13	1	0	0
e	008	24	2	0	4	6	0.8888888888888888	1	8	9	4	6	9	15	1	2	2
e	009	37	1	0	5	9	0.75	0	13	13	9	9	13	17	1	1	2
e	010	28	1	1	6	7	0.8888888888888888	1	8	9	6	4	7	13	1	1	1
e	011	29	2	0	4	8	1.0	1	12	13	5	4	4	13	1	1	0
e	012	25	2	0	5	7	0.7	1	7	7	5	5	8	15	1	1	1
e	013	42	3	2	7	10	1.2	1	20	21	6	6	5	21	1	1	0
e	014	32	3	0	7	8	0.7272727272727273	1	10	9	6	6	8	13	1	1	0
e	015	37	0	0	8	10	0.8333333333333334	0	11	13	7	6	12	21	1	1	3
e	016	39	1	2	6	7	0.7692307692307693	1	10	12	9	6	9	13	1	1	1
e	017	27	2	0	6	6	0.6666666666666666	1	8	8	6	5	5	9	1	1	0
e	018	45	1	0	8	10	0.8333333333333334	1	13	13	6	5	4	13	1	1	0
e	019	24	2	0	4	6	0.6666666666666666	0	6	8	5	7	7	8	1	1	0
e	020	49	2	2	9	11	1.0833333333333333	1	22	22	8	6	7	23	1	1	0
e	021	30	2	1	5	7	0.8888888888888888	0	10	11	4	6	6	14	1	1	0
e	022	26	0	0	5	7	1.3333333333333333	1	12	10	3	3	1	12	1	1	0
e	023	47	4	0	8	11	0.9166666666666666	0	16	19	7	7	6	17	1	1	0
e	024	31	2	0	4	9	0.8181818181818182	2	12	13	8	7	14	18	1	0	3
e	025	39	2	1	7	10	0.9166666666666666	1	16	15	6	8	9	20	1	1	0
e	026	32	3	0	6	7	0.6363636363636364	1	7	9	7	5	7	8	1	1	0
e	027	30	2	0	4	8	0.8888888888888888	1	11	13	5	5	7	14	1	1	0
e	028	23	1	0	5	6	1.1666666666666667	1	11	10	3	3	2	12	1	1	0
e	029	36	3	0	6	8	0.9	0	15	16	8	8	8	16	1	1	0
e	030	39	3	0	7	10	0.9166666666666666	0	17	16	7	6	10	22	1	1	1
e	031	48	2	1	7	11	0.9230769230769231	1	19	18	7	6	7	19	1	1	0
e	032	50	1	0	9	12	1.0833333333333333	1	19	19	6	6	5	20	1	1	0
e	033	22	1	2	4	5	1.1666666666666667	1	10	10	6	4	4	11	1	1	0
e	034	60	1	1	9	15	1.3846153846153846	1	29	29	7	9	7	32	1	1	0
e	035	37	1	3	6	10	1.1818181818181819	1	16	16	3	3	7	23	1	1	3
e	036	37	2	0	8	9	0.8181818181818182	0	10	11	6	9	9	14	1	1	1
e	037	63	1	1	11	15	1.1333333333333333	0	23	26	6	7	8	28	1	1	1
e	038	34	2	0	5	10	0.9090909090909091	1	14	13	4	5	7	20	1	1	2
e	039	36	0	0	5	10	1.1111111111111112	1	18	17	5	6	6	21	1	1	1
e	040	34	3	1	7	9	1.0	1	15	14	6	5	5	19	1	1	0
e	041	74	0	0	10	12	1.1818181818181819	0	17	21	7	4	0	0	1	1	0
e	042	34	1	0	7	7	0.8888888888888888	0	10	10	7	6	6	9	1	1	0
e	043	29	5	0	3	6	0.8	2	16	15	8	5	5	16	1	0	0
e	044	37	3	0	6	9	0.75	0	12	12	7	5	6	14	1	1	0
e	045	21	1	0	4	5	0.8571428571428571	1	6	6	4	3	3	8	1	1	0
e	046	44	2	0	7	10	1.0	0	18	19	7	6	7	19	1	1	0
e	047	22	1	0	4	7	1.0	1	10	11	4	3	6	16	1	1	1
e	048	32	1	0	8	7	0.7777777777777778	0	9	10	7	7	6	10	1	1	0
e	049	34	1	0	7	8	1.0	0	9	10	4	3	2	10	1	1	0
e	050	45	0	0	8	8	1.0	0	10	9	6	5	0	3	1	1	0
e	051	42	4	0	5	12	1.0	1	21	20	7	8	11	26	1	0	2
e	052	25	4	0	4	6	0.7272727272727273	2	9	9	8	8	14	16	1	0	4
e	053	36	0	0	7	9	1.125	0	14	15	5	6	5	17	1	1	0
e	054	42	0	0	8	11	1.2	1	19	18	5	5	4	20	1	1	0
e	055	28	0	0	5	7	0.875	1	8	8	5	4	3	10	1	1	0
e	056	34	0	0	7	8	0.8	0	10	10	6	6	6	11	1	1	0
e	057	41	3	1	8	10	1.0833333333333333	0	15	16	7	8	13	22	1	1	1
e	058	30	2	1	5	8	1.0	1	13	14	5	3	10	23	1	1	3
e	059	43	2	0	7	10	0.9090909090909091	0	17	17	7	5	6	18	1	1	0
e	060	54	5	0	3	13	1.0	1	33	33	16	14	15	34	1	1	0
e	061	30	2	0	6	8	0.8	1	12	13	8	5	7	17	1	1	0
e	062	37	3	0	6	11	1.0	1	17	18	5	4	10	25	1	1	3
e	063	50	1	1	9	11	0.9230769230769231	0	17	17	8	6	7	18	1	1	0
e	064	32	1	0	6	7	0.7272727272727273	0	8	7	7	7	8	10	1	1	0
e	065	34	3	0	4	9	0.8333333333333334	1	12	14	7	5	14	23	1	1	6
e	066	25	2	1	4	7	1.1428571428571428	1	12	13	4	4	5	15	1	1	0
e	067	69	1	1	9	10	0.9230769230769231	0	17	16	5	6	3	4	1	1	0
e	068	27	1	0	5	8	1.0	1	10	13	4	4	7	16	1	1	1
e	069	35	3	0	5	10	1.0	1	14	16	6	5	6	17	1	1	1
e	070	35	3	0	5	10	0.9090909090909091	2	15	17	7	6	10	20	1	0	3
e	071	38	3	0	7	9	0.8181818181818182	1	16	15	7	6	7	17	1	1	0
e	072	25	4	2	3	6	0.8	1	10	10	6	5	8	13	1	1	1
e	073	35	1	0	4	10	1.0	1	14	16	4	3	10	25	1	1	6
e	074	38	0	0	7	9	1.0	0	14	13	6	5	4	14	1	1	0
e	075	25	2	0	4	7	0.7777777777777778	1	9	10	6	4	8	15	1	1	1
e	076	33	1	0	6	8	0.8888888888888888	0	11	13	6	5	7	14	1	1	1
e	077	59	1	0	9	14	1.0	0	22	22	7	5	5	23	1	1	0
e	078	23	2	0	5	6	1.0	1	8	9	4	4	3	9	1	1	0
e	079	43	5	0	6	10	0.8461538461538461	1	17	16	8	4	7	20	1	1	2
e	080	42	3	0	6	12	0.9230769230769231	1	18	19	8	8	13	29	1	1	3
e	081	28	3	1	4	7	0.8	1	10	11	5	6	10	16	1	1	1
e	082	34	2	0	6	8	1.0	0	12	14	6	4	4	13	1	1	0
e	083	56	0	1	11	12	1.0769230769230769	0	19	19	6	7	6	19	1	1	0
e	084	26	1	1	6	5	1.1428571428571428	0	6	7	3	3	2	7	1	1	0
e	085	35	3	0	4	10	0.9166666666666666	2	16	17	7	8	11	24	1	0	3
e	086	35	0	0	6	9	1.0	1	14	12	5	6	5	13	1	1	0
e	087	39	1	0	8	8	0.75	0	11	11	8	9	9	11	1	1	0
e	088	76	0	0	11	9	0.8181818181818182	0	12	13	9	6	0	0	1	1	0
e	089	20	1	0	2	6	0.75	1	5	7	4	3	6	12	1	1	2
e	090	37	3	0	6	8	0.6666666666666666	0	12	11	8	7	8	13	1	1	0
e	091	29	3	2	5	8	1.0	1	13	12	5	6	9	18	1	1	1
e	092	30	3	1	6	5	0.9	1	10	10	6	4	7	14	1	1	1
e	093	28	1	0	5	7	0.875	1	9	10	4	4	2	10	1	1	0
e	094	39	2	0	7	10	1.0	0	12	13	5	6	7	13	1	1	0
e	095	59	3	0	8	14	1.0769230769230769	0	28	29	11	9	10	29	1	1	0
e	096	34	1	0	5	9	1.0	1	14	15	5	4	4	16	1	1	0
e	097	30	1	1	6	8	1.1111111111111112	0	12	12	5	3	5	19	1	1	1
e	098	41	2	0	8	9	0.75	0	11	12	8	6	6	12	1	1	0
e	099	32	1	1	5	8	0.9	1	11	11	5	7	9	15	1	1	1
f	000	29	9	4	3	3	0.7142857142857143	4	9	7	12	12	13	9	1	0	0
f	001	19	3	2	3	3	0.875	2	7	7	5	4	3	7	1	0	0
f	002	23	10	5	2	2	0.6153846153846154	3	8	7	11	11	12	8	1	0	0
f	003	31	12	0	2	3	0.7142857142857143	2	16	16	12	10	12	16	1	0	0
f	004	25	3	2	4	4	0.9	4	9	8	5	4	3	10	1	0	0
f	005	19	8	5	3	1	0.7272727272727273	4	6	6	8	8	9	9	1	0	0
f	006	15	7	2	1	1	0.6666666666666666	3	4	5	5	5	9	8	1	0	1
f	007	26	10	4	4	3	0.5714285714285714	3	7	7	12	11	12	8	1	0	0
f	008	24	9	1	2	1	0.5	3	7	6	14	13	15	7	1	0	0
f	009	24	7	2	3	3	0.6666666666666666	3	8	8	9	8	11	10	1	0	0
f	010	31	6	3	3	4	0.8461538461538461	3	10	8	11	11	12	9	1	0	0
f	011	16	6	0	2	1	0.5555555555555556	2	6	5	8	7	8	6	1	0	0
f	012	30	10	5	3	4	0.7857142857142857	4	10	10	11	11	13	11	1	0	0
f	013	22	8	1	3	3	0.6363636363636364	2	9	8	10	7	9	9	1	0	0
f	014	26	7	1	3	5	0.5	2	8	7	11	8	7	4	1	0	0
f	015	32	8	3	4	3	0.7857142857142857	3	11	9	10	10	12	11	1	0	0
f	016	23	9	4	3	2	0.6923076923076923	3	9	8	11	8	10	11	1	0	0
f	017	19	10	0	2	1	0.3076923076923077	2	5	3	13	11	12	4	1	0	0
f	018	17	10	2	1	1	0.4166666666666667	4	4	4	9	9	10	6	1	0	0
f	019	28	9	2	2	3	0.7692307692307693	4	11	12	8	9	9	13	1	0	0
f	020	27	9	3	2	2	0.8333333333333334	4	13	12	9	8	9	14	1	0	0
f	021	25	8	0	4	2	0.6666666666666666	3	11	10	10	8	9	12	1	0	0
f	022	19	6	4	2	2	0.8888888888888888	4	8	7	6	6	6	9	1	0	0
f	023	21	6	5	2	3	0.9	4	8	7	6	6	6	9	1	0	0
f	024	33	3	3	3	6	0.9166666666666666	2	11	14	5	7	3	13	1	0	0
f	025	17	6	1	2	3	0.5	2	5	4	8	6	6	5	1	0	0
f	026	32	10	5	3	5	0.9375	4	11	12	6	8	15	19	1	0	2
f	027	53	2	1	11	9	1.0	0	14	15	11	13	12	16	1	0	0
f	028	20	8	3	2	2	0.6363636363636364	4	7	6	8	7	8	8	1	0	0
f	029	20	7	2	2	1	0.6363636363636364	3	7	7	10	8	11	10	1	0	1
f	030	23	8	4	3	3	0.6666666666666666	4	7	7	9	8	9	8	1	0	0
f	031	38	8	3	6	6	0.6875	0	8	10	11	12	15	11	1	0	0
f	032	55	0	0	4	8	0.6	0	13	13	14	12	0	0	1	0	0
f	033	33	9	1	3	6	0.7142857142857143	2	11	12	9	8	9	12	1	0	0
f	034	23	7	2	3	3	0.6666666666666666	3	7	6	7	6	7	8	1	0	0
f	035	21	8	6	2	1	1.0	4	10	10	7	7	8	12	1	0	0
f	036	30	7	2	5	4	0.6923076923076923	3	8	7	12	10	11	8	1	0	0
f	037	26	12	1	2	4	0.6	3	11	11	7	7	13	16	1	0	2
f	038	28	10	4	4	3	0.7142857142857143	3	8	6	10	10	11	8	1	0	0
f	039	27	7	5	3	4	0.8333333333333334	3	9	9	7	7	7	10	1	0	0
f	040	56	0	0	8	8	0.6	0	9	8	15	11	0	0	1	0	0
f	041	50	0	0	7	8	0.5333333333333333	0	6	6	14	11	0	0	1	0	0
f	042	25	8	1	3	2	0.6666666666666666	3	10	9	11	8	10	12	1	0	0
f	043	64	0	0	8	9	0.875	0	12	12	10	10	0	0	1	0	0
f	044	22	8	0	2	2	0.5	2	8	8	9	7	8	9	1	0	0
f	045	26	5	1	5	4	0.6363636363636364	4	7	6	8	10	10	8	1	0	0
f	046	31	10	4	2	2	0.8571428571428571	4	14	14	10	10	12	17	1	0	0
f	047	27	10	3	2	2	0.7692307692307693	4	12	12	9	9	10	14	1	0	0
f	048	33	11	5	4	3	0.8	2	12	11	12	11	12	13	1	0	0
f	049	24	8	2	3	2	0.6666666666666666	3	7	5	9	9	10	7	1	0	0
f	050	34	4	1	5	5	0.7142857142857143	4	9	9	13	15	16	11	1	0	0
f	051	32	6	0	3	5	0.5	2	9	6	11	10	7	7	1	0	0
f	052	32	7	2	3	4	0.6428571428571429	3	11	10	12	9	7	10	1	0	0
f	053	59	0	0	4	8	0.7333333333333333	0	14	14	12	12	0	0	1	0	0
f	054	18	7	1	2	3	0.45454545454545453	2	5	4	9	7	9	5	1	0	0
f	055	35	5	5	3	6	0.7857142857142857	3	14	13	7	5	5	14	1	0	0
f	056	25	7	3	3	3	0.75	3	7	6	8	8	9	7	1	0	0
f	057	16	8	3	2	2	0.6	3	5	4	7	6	8	6	1	0	0
f	058	24	10	0	2	1	0.5833333333333334	3	12	11	12	9	10	12	1	0	0
f	059	20	11	1	2	1	0.38461538461538464	3	7	6	13	10	11	7	1	0	0
f	060	26	7	2	4	4	0.8181818181818182	4	13	13	4	5	7	17	1	0	2
f	061	25	11	2	2	1	0.6428571428571429	3	10	10	11	9	13	14	1	0	2
f	062	43	0	0	4	5	0.6153846153846154	0	8	8	10	10	0	0	1	0	0
f	063	28	9	4	4	4	0.7692307692307693	3	9	8	9	9	10	9	1	0	0
f	064	17	7	3	2	1	0.7777777777777778	4	7	7	6	6	7	9	1	0	0
f	065	19	9	0	1	3	0.3076923076923077	2	4	3	11	8	9	4	1	0	0
f	066	26	11	3	3	3	0.6	2	7	7	10	10	12	9	1	0	0
f	067	24	9	4	1	2	0.6923076923076923	4	9	8	9	8	9	11	1	0	0
f	068	26	8	1	2	1	0.8181818181818182	3	14	12	10	8	8	13	1	0	0
f	069	20	10	3	2	2	0.5384615384615384	3	5	5	9	9	12	8	1	0	0
f	070	16	6	1	0	3	0.36363636363636365	2	2	2	12	9	12	2	1	0	0
f	071	40	0	0	4	4	0.42857142857142855	0	7	6	14	11	0	0	1	0	0
f	072	21	10	3	1	1	0.5384615384615384	4	6	6	10	10	12	9	1	0	0
f	073	21	12	3	1	1	0.5	4	6	6	10	10	12	9	1	0	1
f	074	23	9	3	3	3	0.6923076923076923	3	7	7	7	7	9	9	1	0	0
f	075	39	0	0	4	4	0.6153846153846154	0	6	7	9	10	0	0	1	0	0
f	076	33	11	4	4	3	0.6875	3	10	10	14	12	14	12	1	0	0
f	077	56	0	0	5	7	0.625	0	11	11	12	12	0	0	1	0	0
f	078	21	8	0	3	3	0.4166666666666667	3	6	4	12	10	11	5	1	0	0
f	079	25	9	5	3	2	0.8333333333333334	4	10	9	9	8	9	12	1	0	0
f	080	22	7	2	3	2	0.5833333333333334	4	5	4	10	10	12	5	1	0	0
f	081	25	10	4	3	3	0.6428571428571429	3	6	5	10	10	12	6	1	0	0
f	082	30	14	3	1	2	0.5555555555555556	4	10	9	12	12	18	13	1	1	1
f	083	28	8	2	3	3	0.7692307692307693	3	11	11	8	8	9	14	1	0	0
f	084	21	5	2	4	3	0.7	3	6	5	6	7	6	5	1	0	0
f	085	29	8	7	4	4	1.0	4	9	10	6	7	13	16	1	0	2
f	086	25	7	2	3	3	0.8181818181818182	3	11	10	7	6	7	12	1	0	0
f	087	29	6	4	3	2	1.0909090909090908	3	14	14	7	7	8	15	1	0	0
f	088	31	8	5	2	4	0.8571428571428571	3	12	10	9	10	10	12	1	0	0
f	089	25	10	3	2	2	0.5714285714285714	2	8	6	11	11	12	8	1	0	0
f	090	21	9	0	2	3	0.38461538461538464	3	6	5	11	8	9	6	1	0	0
f	091	28	8	5	3	3	0.7692307692307693	4	10	9	11	12	13	11	1	0	0
f	092	25	7	1	3	3	0.6666666666666666	3	9	9	7	7	7	11	1	0	0
f	093	22	9	4	2	2	0.6666666666666666	4	8	7	9	8	9	9	1	0	0
f	094	25	8	2	4	3	0.6153846153846154	2	6	4	9	9	9	4	1	0	0
f	095	18	10	3	2	2	0.5833333333333334	3	6	6	9	7	10	8	1	0	1
f	096	29	7	2	4	4	0.9230769230769231	4	12	11	6	6	9	16	1	0	0
f	097	14	7	1	2	1	0.5555555555555556	3	5	5	7	5	7	7	1	0	1
f	098	17	5	3	2	3	0.7777777777777778	2	3	4	4	5	5	4	1	0	0
f	099	24	7	1	4	4	0.5833333333333334	2	7	6	11	8	9	7	1	0	0
g	000	21	4	0	3	4	0.4	1	5	5	7	9	8	6	1	1	0
g	001	34	2	0	5	7	0.5384615384615384	1	9	8	10	13	15	13	1	1	1
g	002	31	3	0	4	7	0.5833333333333334	1	9	10	8	11	14	12	1	1	1
g	003	46	2	0	8	10	0.7142857142857143	0	12	14	10	11	12	15	1	2	1
g	004	35	8	0	6	8	0.5625	1	9	10	11	13	17	15	1	1	2
g	005	30	4	0	4	6	0.46153846153846156	1	6	7	10	12	14	10	1	1	1
g	006	52	1	0	9	9	0.5625	1	10	13	15	16	16	12	1	2	0
g	007	32	3	0	5	6	0.42857142857142855	0	6	6	13	15	17	9	1	1	1
g	008	22	6	1	3	5	0.5	1	6	5	9	10	15	8	1	1	1
g	009	33	4	0	4	6	0.4	1	8	7	15	17	20	10	1	1	0
g	010	25	2	0	4	5	0.5	0	5	7	8	10	11	7	1	1	1
g	011	46	4	0	9	8	0.7692307692307693	0	11	13	9	11	7	11	1	1	0
g	012	25	2	0	5	5	0.5555555555555556	0	6	7	6	8	7	7	1	1	0
g	013	21	0	0	3	5	1.0	1	6	8	3	6	9	14	1	1	3
g	014	24	2	0	5	5	0.625	0	7	8	7	7	7	7	1	1	0
g	015	39	3	0	7	8	0.6923076923076923	1	8	9	8	9	8	10	1	1	0
g	016	40	3	0	8	9	0.75	1	12	14	6	9	6	15	1	1	0
g	017	40	3	0	4	10	0.6666666666666666	1	14	13	11	14	18	23	1	1	2
g	018	28	5	0	5	5	0.4166666666666667	1	7	7	9	11	10	7	1	1	0
g	019	40	4	0	7	8	0.5333333333333333	0	8	11	11	13	14	14	1	1	1
g	020	24	4	3	4	4	0.6363636363636364	1	6	5	8	9	11	8	1	1	1
g	021	35	2	1	9	6	0.5833333333333334	0	8	6	9	12	9	7	1	1	0
g	022	56	1	0	10	10	0.7333333333333333	0	12	16	11	14	11	15	1	1	0
g	023	24	1	0	4	5	0.5555555555555556	1	5	7	7	8	8	8	1	1	0
g	024	39	2	1	7	7	0.6666666666666666	0	12	11	9	7	11	16	1	2	1
g	025	31	2	0	5	6	0.6363636363636364	1	6	8	9	11	11	8	1	1	0
g	026	27	2	1	7	5	0.6666666666666666	0	5	7	6	7	5	6	1	1	0
g	027	30	5	0	4	8	0.6153846153846154	1	10	10	10	11	15	13	1	1	1
g	028	35	2	0	7	6	0.5384615384615384	1	7	7	11	13	14	9	1	1	1
g	029	30	3	0	5	6	0.5454545454545454	0	6	9	7	10	9	9	1	1	0
g	030	27	1	0	3	6	0.6	1	10	9	9	12	13	13	1	1	0
g	031	33	2	1	6	7	0.8	0	10	10	6	7	7	11	1	1	0
g	032	59	4	0	3	13	0.8666666666666667	1	32	33	19	20	20	33	1	1	0
g	033	44	1	0	7	9	0.9090909090909091	0	13	15	8	8	7	13	1	1	0
g	034	39	4	0	6	7	0.5333333333333333	1	7	10	12	13	15	10	1	1	1
g	035	42	2	1	8	7	0.5333333333333333	0	8	8	11	15	12	11	1	1	0
g	036	66	2	0	11	13	0.8125	0	23	25	15	17	15	25	1	1	0
g	037	30	4	1	5	6	0.5833333333333334	3	7	10	10	13	12	11	1	0	0
g	038	31	4	0	5	6	0.42857142857142855	1	4	6	11	13	16	9	1	1	2
g	039	87	0	0	13	10	0.6875	0	14	13	11	13	0	0	1	1	0
g	040	28	3	0	6	5	0.45454545454545453	1	5	6	6	10	8	5	1	2	0
g	041	52	4	0	8	9	0.6	1	13	12	8	12	8	8	1	1	0
g	042	35	3	0	7	6	0.46153846153846156	1	5	7	12	13	10	5	1	1	0
g	043	39	3	0	8	9	0.6428571428571429	1	9	10	11	12	14	15	1	1	2
g	044	33	4	0	5	7	0.4666666666666667	0	5	8	12	14	17	13	1	1	3
g	045	44	2	0	6	10	0.7692307692307693	0	16	17	10	12	13	18	1	1	1
g	046	32	3	1	7	6	0.6153846153846154	0	7	7	10	12	13	11	1	1	1
g	047	47	2	0	9	9	0.6428571428571429	1	12	14	11	14	14	14	1	1	0
g	048	40	3	0	8	8	0.6666666666666666	1	9	9	8	10	7	9	1	1	0
g	049	45	2	0	9	10	0.6666666666666666	2	11	11	14	15	20	18	1	1	4
g	050	60	5	0	3	14	0.9333333333333333	0	34	35	18	19	19	35	1	1	0
g	051	20	11	4	1	1	0.5	4	4	4	10	10	13	8	1	0	1
g	052	38	3	0	6	10	0.7692307692307693	0	10	10	9	8	9	9	1	0	0
g	053	40	2	0	8	9	0.8181818181818182	1	12	14	6	10	7	13	1	1	0
g	054	37	2	3	8	7	0.8333333333333334	1	12	9	7	9	10	13	1	1	2
g	055	40	1	1	7	7	0.7272727272727273	0	12	11	8	5	6	14	1	2	0
g	056	24	4	0	5	4	0.45454545454545453	0	4	4	7	10	10	5	1	1	0
g	057	34	2	0	5	9	0.8181818181818182	2	13	13	8	7	6	14	1	0	0
g	058	39	3	0	7	8	0.5333333333333333	0	8	10	14	14	16	11	1	1	1
g	059	35	5	0	8	7	0.5	1	8	8	10	12	12	10	1	1	1
g	060	35	2	0	8	6	0.46153846153846156	1	5	7	11	16	15	6	1	1	0
g	061	22	6	0	5	5	0.45454545454545453	1	5	5	8	9	9	7	1	1	0
g	062	27	4	1	7	6	0.6363636363636364	1	6	5	8	8	11	10	1	1	4
g	063	26	7	1	5	6	0.5384615384615384	1	6	6	8	9	12	9	1	1	0
g	064	38	2	0	7	9	0.6923076923076923	0	10	13	9	11	14	16	1	1	2
g	065	38	2	0	7	6	0.5384615384615384	1	8	6	11	10	10	6	1	1	0
g	066	39	4	0	9	7	0.5384615384615384	0	8	7	9	11	8	7	1	1	0
g	067	20	3	0	5	5	0.625	1	5	6	5	6	5	7	1	1	0
g	068	32	2	1	6	7	0.6153846153846154	1	6	6	9	11	13	10	1	1	1
g	069	52	4	0	3	12	0.9230769230769231	0	29	30	15	16	16	30	1	1	0
g	070	36	3	0	6	7	0.5384615384615384	1	8	11	9	13	11	11	1	1	1
g	071	31	0	0	7	6	0.6	0	6	7	9	9	9	6	1	1	0
g	072	23	3	0	5	5	0.5	1	6	5	5	9	9	8	1	1	0
g	073	39	4	0	7	9	0.75	1	15	15	7	9	7	17	1	1	0
g	074	24	1	0	6	5	0.625	0	6	5	4	7	3	5	1	1	0
g	075	25	2	1	6	5	0.6666666666666666	1	7	6	7	7	7	7	1	1	1
g	076	63	1	0	12	12	0.7058823529411765	0	10	15	11	16	14	15	1	2	2
g	077	36	2	0	7	7	0.5833333333333334	0	8	10	9	13	12	11	1	1	0
g	078	39	4	0	9	8	0.5714285714285714	1	9	7	10	11	11	14	1	1	3
g	079	31	3	1	6	6	0.6153846153846154	1	7	9	9	9	10	13	1	1	0
g	080	37	3	0	5	7	0.5384615384615384	0	9	12	11	14	14	12	1	1	1
g	081	49	2	0	9	10	0.7142857142857143	0	12	13	11	13	9	12	1	1	0
g	082	37	5	1	7	7	0.5625	0	7	9	13	14	18	13	1	1	1
g	083	34	1	2	7	7	0.75	1	8	8	7	9	13	14	1	1	1
g	084	42	3	0	10	7	0.6153846153846154	1	8	10	8	13	9	9	1	1	0
g	085	59	5	0	3	14	1.0	0	35	36	16	17	17	36	1	1	0
g	086	30	6	0	5	5	0.6153846153846154	1	10	11	8	11	11	14	1	0	2
g	087	44	0	0	4	4	0.5714285714285714	0	8	7	12	11	0	0	1	0	0
g	088	29	3	0	7	5	0.45454545454545453	0	5	5	6	11	7	4	1	1	0
g	089	37	2	0	8	7	0.5384615384615384	1	7	8	12	13	13	8	1	1	0
g	090	39	1	0	7	7	0.6363636363636364	0	13	12	9	7	9	15	1	2	0
g	091	33	2	0	8	8	0.6666666666666666	1	6	7	9	8	12	11	1	1	2
g	092	60	6	0	8	13	0.7647058823529411	1	24	27	13	15	14	27	1	1	0
g	093	38	2	2	7	7	0.6923076923076923	1	10	10	10	10	9	10	1	1	0
g	094	31	7	0	6	6	0.4	1	5	6	13	14	16	8	1	1	1
g	095	44	2	0	8	8	0.6923076923076923	1	12	12	7	12	7	13	1	1	0
g	096	32	4	1	7	5	0.6666666666666666	0	6	5	8	8	9	7	1	1	0
g	097	29	2	0	8	4	0.45454545454545453	0	4	4	9	11	8	3	1	1	0
g	098	26	2	0	3	6	0.6	1	10	9	8	11	12	13	1	1	0
g	099	35	2	2	7	8	0.9090909090909091	1	12	11	7	10	10	17	1	1	1
h	000	19	5	1	3	3	0.5	3	3	2	12	10	11	1	1	0	0
h	001	23	6	5	1	2	0.5833333333333334	3	6	5	16	15	16	5	1	0	0
h	002	29	6	4	3	2	0.6428571428571429	3	5	4	18	15	17	4	1	0	0
h	003	22	3	3	3	3	0.6363636363636364	3	3	2	14	12	16	4	1	0	1
h	004	24	5	6	5	4	0.8333333333333334	3	3	2	13	11	16	6	1	0	3
h	005	26	5	4	4	2	0.75	2	5	3	15	13	15	4	1	0	0
h	006	34	7	2	6	3	0.7142857142857143	1	5	3	14	13	11	2	1	0	0
h	007	63	0	0	8	6	0.7333333333333333	0	9	7	20	17	0	0	1	0	0
h	008	28	7	7	1	2	0.6428571428571429	3	8	7	19	18	19	7	1	0	0
h	009	42	0	2	7	3	0.5714285714285714	0	5	3	18	14	3	2	1	0	0
h	010	65	0	0	10	6	0.5882352941176471	0	7	6	23	20	0	0	1	0	0
h	011	44	5	3	7	6	0.875	3	5	5	17	14	15	3	1	0	0
h	012	24	4	3	2	2	0.6363636363636364	3	5	3	15	13	14	3	1	0	0
h	013	36	8	3	8	4	0.5	1	4	4	20	19	15	3	1	0	0
h	014	28	9	2	3	3	0.4666666666666667	3	4	2	17	15	15	2	1	0	0
h	015	31	7	3	3	3	0.4117647058823529	3	4	2	23	22	24	3	1	1	0
h	016	33	8	3	4	3	0.5	3	6	3	21	19	19	3	1	0	0
h	017	56	0	0	9	7	0.5333333333333333	0	5	4	20	17	0	0	1	0	0
h	018	23	4	1	4	3	0.7	3	4	3	12	10	11	1	1	0	0
h	019	19	6	2	2	2	0.45454545454545453	3	3	2	13	12	13	2	1	0	0
h	020	32	6	3	6	3	0.4666666666666667	2	4	3	21	19	19	3	1	0	1
h	021	24	5	2	2	2	0.5	3	4	3	16	14	15	2	1	0	0
h	022	24	5	4	3	1	0.75	3	3	4	14	12	16	4	1	0	1
h	023	36	7	4	7	5	0.625	3	4	2	21	18	21	5	1	0	1
h	024	23	6	2	4	3	0.6363636363636364	2	4	2	12	10	11	2	1	0	0
h	025	24	7	3	4	2	0.5384615384615384	3	3	2	16	14	16	3	1	0	1
h	026	30	4	3	6	4	0.6666666666666666	2	6	4	15	13	12	4	1	0	0
h	027	31	7	5	3	2	0.625	1	4	4	19	15	17	5	1	0	0
h	028	18	5	3	1	2	0.5	3	4	3	13	12	13	3	1	0	0
h	029	29	7	2	6	3	0.5	2	4	2	15	16	15	2	1	0	0
h	030	30	6	4	6	3	0.7692307692307693	2	5	4	14	11	10	4	1	0	0
h	031	30	6	2	5	4	0.6428571428571429	3	4	4	17	16	17	2	1	0	0
h	032	32	7	1	5	3	0.5	3	5	3	17	16	14	1	1	0	0
h	033	22	6	2	4	3	0.5454545454545454	2	4	3	14	12	12	2	1	0	0
h	034	21	8	3	2	2	0.46153846153846156	3	3	3	15	13	15	3	1	0	0
h	035	18	4	3	2	2	0.5	3	3	2	14	12	14	3	1	0	0
h	036	29	0	6	3	3	0.8181818181818182	2	6	4	12	11	5	6	1	0	0
h	037	27	5	3	4	3	0.6153846153846154	3	5	3	19	16	19	3	1	0	0
h	038	45	0	3	8	5	0.5333333333333333	1	6	4	20	18	6	3	1	0	0
h	039	27	6	3	2	2	0.4	3	3	2	21	18	21	3	1	1	1
h	040	18	2	2	3	3	0.625	2	3	3	11	7	8	3	1	0	0
h	041	26	8	1	3	4	0.6923076923076923	3	4	2	12	11	13	1	1	0	0
h	042	20	5	4	2	2	0.5454545454545454	3	4	2	14	13	14	4	1	0	0
h	043	32	6	0	4	4	0.46153846153846156	3	5	2	16	15	12	0	1	0	0
h	044	26	5	3	3	3	0.5833333333333334	3	5	3	16	14	14	3	1	0	0
h	045	19	3	1	2	2	0.5555555555555556	3	3	2	12	10	11	1	1	0	0
h	046	22	5	2	2	2	0.5454545454545454	3	4	2	14	12	13	2	1	0	0
h	047	20	5	1	3	4	0.5	3	3	2	12	10	10	1	1	0	0
h	048	32	6	2	6	3	0.6	3	3	3	20	18	22	3	1	0	0
h	049	32	7	3	7	4	0.5	3	3	2	21	20	22	3	1	0	1
h	050	20	3	1	3	3	0.5555555555555556	3	3	2	12	10	10	1	1	0	0
h	051	28	7	1	5	3	0.5	2	3	2	16	14	14	1	1	0	0
h	052	26	8	4	3	2	0.4666666666666667	3	4	3	19	17	19	4	1	0	1
h	053	18	6	1	2	2	0.5	3	3	2	11	9	10	1	1	0	0
h	054	22	5	4	1	2	0.5	3	4	4	17	15	17	4	1	0	0
h	055	24	5	3	3	2	0.6666666666666666	3	4	3	14	13	15	3	1	0	0
h	056	31	3	4	8	4	0.8333333333333334	1	4	3	16	12	14	4	1	0	0
h	057	28	5	2	4	4	0.6153846153846154	2	4	2	14	12	13	2	1	0	0
h	058	27	7	4	3	2	0.6428571428571429	3	6	4	17	16	18	4	1	0	0
h	059	25	6	2	2	2	0.46153846153846156	3	4	3	17	16	17	2	1	0	0
h	060	20	8	3	2	2	0.5	3	4	3	13	12	13	3	1	0	0
h	061	30	7	2	5	3	0.5	3	5	2	18	16	15	2	1	0	0
h	062	24	6	5	2	2	0.6666666666666666	3	6	5	16	13	15	5	1	0	0
h	063	20	4	2	3	3	0.6	3	4	2	13	12	13	2	1	0	0
h	064	28	9	3	4	3	0.375	3	4	3	21	19	19	3	1	0	0
h	065	34	4	3	6	4	0.7857142857142857	2	5	4	16	16	17	4	1	0	0
h	066	33	4	4	3	2	0.7142857142857143	3	7	4	20	18	20	4	1	0	0
h	067	27	6	5	2	2	0.6923076923076923	3	7	5	17	15	17	5	1	0	0
h	068	18	5	2	2	3	0.5	3	3	2	12	11	12	2	1	0	0
h	069	20	4	3	2	2	0.6	3	4	3	13	12	13	3	1	0	0
h	070	25	6	2	2	2	0.46153846153846156	3	4	2	17	15	16	2	1	0	0
h	071	17	5	4	1	2	0.6	3	3	3	12	10	13	4	1	0	0
h	072	34	4	2	8	4	0.6153846153846154	1	5	3	16	16	10	2	1	0	0
h	073	29	9	5	5	3	0.5333333333333333	2	5	4	17	16	15	5	1	0	1
h	074	20	7	3	3	1	0.5833333333333334	3	3	2	13	11	14	3	1	0	1
h	075	21	6	4	3	2	0.5833333333333334	2	3	3	14	12	14	4	1	0	0
h	076	34	4	1	6	4	0.7692307692307693	3	4	2	16	14	14	1	1	0	0
h	077	20	4	2	3	2	0.7777777777777778	3	5	2	11	9	11	2	1	0	0
h	078	32	5	3	5	3	0.5714285714285714	2	6	2	18	17	15	3	1	0	0
h	079	22	4	2	2	2	0.45454545454545453	3	4	2	16	14	15	2	1	0	0
h	080	31	6	4	5	2	0.6	3	5	4	22	20	23	4	1	0	0
h	081	28	6	2	2	2	0.42857142857142855	3	5	2	19	18	18	2	1	0	0
h	082	25	6	3	3	3	0.5833333333333334	3	5	3	15	13	13	3	1	0	0
h	083	29	7	2	2	2	0.375	3	4	2	22	20	22	2	1	0	0
h	084	28	6	6	1	2	0.5714285714285714	3	7	6	20	19	20	6	1	0	0
h	085	30	4	3	5	4	0.75	3	6	3	16	14	14	3	1	0	0
h	086	26	6	4	3	3	0.5384615384615384	3	5	4	18	15	16	4	1	0	0
h	087	29	6	4	5	3	0.5714285714285714	1	4	3	18	16	15	4	1	0	0
h	088	34	7	4	5	4	0.47058823529411764	3	5	4	24	22	22	4	1	1	0
h	089	27	6	2	3	2	0.5384615384615384	3	5	2	17	15	16	2	1	0	0
h	090	43	6	5	10	4	0.75	2	6	5	21	21	16	5	1	0	1
h	091	30	6	5	5	3	0.6428571428571429	2	6	5	18	18	17	5	1	0	0
h	092	30	6	3	3	2	0.5714285714285714	3	6	3	19	17	18	3	1	0	0
h	093	23	8	4	2	3	0.5384615384615384	3	5	4	15	14	15	4	1	0	0
h	094	26	6	3	5	2	0.6666666666666666	2	5	3	16	15	16	3	1	0	0
h	095	50	0	0	8	7	0.6666666666666666	0	5	5	16	15	0	0	1	0	0
h	096	26	6	1	4	4	0.46153846153846156	3	3	2	17	14	15	1	1	0	0
h	097	24	6	1	2	2	0.38461538461538464	3	3	2	17	15	16	1	1	0	0
h	098	27	4	1	5	5	0.7272727272727273	2	4	2	11	11	9	1	1	0	0
h	099	26	5	3	2	2	0.5384615384615384	3	4	3	18	15	17	3	1	0	0
i	000	13	13	0	0	1	0.07142857142857142	2	2	2	13	13	13	1	2	0	0
i	001	13	13	0	0	1	0.06666666666666667	2	2	2	13	13	13	1	2	0	0
i	002	45	0	0	15	3	0.1875	0	6	6	15	15	0	0	2	0	0
i	003	9	9	1	0	1	0.18181818181818182	2	2	2	8	8	9	2	2	0	0
i	004	9	9	0	0	1	0.09090909090909091	2	2	2	9	9	9	1	2	0	0
i	005	11	7	0	0	2	0.16666666666666666	2	2	2	7	7	7	1	2	0	0
i	006	9	9	0	0	1	0.08333333333333333	2	2	2	9	9	9	1	2	0	0
i	007	6	6	0	0	1	0.125	2	2	2	6	6	6	1	2	0	0
i	008	6	6	0	0	1	0.14285714285714285	2	2	2	6	6	6	1	2	0	0
i	009	10	10	0	0	1	0.09090909090909091	2	2	2	10	10	10	1	2	0	0
i	010	9	9	0	0	1	0.09090909090909091	2	2	2	9	9	9	1	2	0	0
i	011	12	7	3	1	1	0.3333333333333333	2	3	4	9	8	9	4	2	0	0
i	012	11	9	0	0	1	0.16666666666666666	1	2	2	9	9	9	1	2	0	0
i	013	10	10	0	0	1	0.08333333333333333	4	2	2	10	10	10	0	2	0	0
i	014	18	4	1	2	2	0.45454545454545453	1	4	4	10	9	8	1	2	0	0
i	015	24	1	1	3	3	0.38461538461538464	0	5	4	8	9	1	1	2	0	0
i	016	36	0	0	12	3	0.21428571428571427	0	6	6	12	12	0	0	2	0	0
i	017	9	9	0	0	1	0.09090909090909091	2	2	2	9	9	9	1	2	0	0
i	018	8	8	0	0	1	0.1111111111111111	4	2	2	8	8	8	0	2	0	0
i	019	12	12	0	0	1	0.06666666666666667	4	2	2	12	12	12	0	2	0	0
i	020	10	10	0	0	1	0.07692307692307693	2	2	2	10	10	10	1	2	0	0
i	021	10	10	0	0	1	0.08333333333333333	2	2	2	10	10	10	1	2	0	0
i	022	30	0	0	3	4	0.3076923076923077	0	6	6	8	8	0	6	2	0	0
i	023	20	0	0	0	2	0.18181818181818182	0	4	4	10	10	0	0	2	0	0
i	024	18	0	0	0	2	0.2	0	4	4	9	9	0	0	2	0	0
i	025	9	9	0	0	1	0.08333333333333333	2	2	2	9	9	9	1	2	0	0
i	026	13	13	0	0	1	0.06666666666666667	2	2	2	13	13	13	1	2	0	0
i	027	28	0	0	2	3	0.2857142857142857	0	4	4	11	11	0	0	2	0	0
i	028	10	10	0	0	1	0.07692307692307693	2	2	2	10	10	10	1	2	0	0
i	029	9	9	0	0	1	0.1	2	2	2	9	9	9	1	2	0	0
i	030	10	10	0	0	1	0.08333333333333333	4	2	2	10	10	10	0	2	0	0
i	031	12	10	1	0	1	0.15384615384615385	1	2	3	10	11	10	2	2	0	0
i	032	24	3	0	7	3	0.2727272727272727	0	2	4	7	7	3	0	2	0	0
i	033	11	11	0	0	1	0.08333333333333333	2	2	2	11	11	11	1	2	0	0
i	034	17	11	0	0	2	0.13333333333333333	2	2	3	13	14	11	0	2	0	0
i	035	30	0	0	2	2	0.2857142857142857	0	6	6	13	13	0	0	2	0	0
i	036	14	7	1	1	3	0.3076923076923077	1	4	3	8	6	8	4	2	0	0
i	037	24	0	0	0	2	0.15384615384615385	0	4	4	12	12	0	0	2	0	0
i	038	12	8	0	0	2	0.16666666666666666	1	2	2	9	9	8	1	2	0	0
i	039	13	7	0	0	2	0.16666666666666666	2	3	3	9	9	7	0	2	0	0
i	040	13	7	0	0	1	0.23076923076923078	1	4	2	10	7	9	4	2	0	0
i	041	10	10	0	0	1	0.08333333333333333	2	2	2	10	10	10	1	2	0	0
i	042	9	9	0	0	1	0.09090909090909091	2	2	2	9	9	9	1	2	0	0
i	043	14	6	0	1	1	0.36363636363636365	1	3	3	8	8	8	1	2	0	0
i	044	9	9	0	0	1	0.09090909090909091	2	2	2	9	9	9	1	2	0	0
i	045	9	9	0	0	1	0.08333333333333333	2	2	2	9	9	9	1	2	0	0
i	046	11	11	0	0	1	0.08333333333333333	2	2	2	11	11	11	1	2	0	0
i	047	12	12	0	0	1	0.07692307692307693	4	2	2	12	12	12	0	2	0	0
i	048	14	14	0	0	1	0.06666666666666667	2	2	2	14	14	14	1	2	0	0
i	049	6	6	0	0	1	0.14285714285714285	2	2	2	6	6	6	1	2	0	0
i	050	12	10	1	0	1	0.15384615384615385	1	3	2	10	11	10	2	2	0	0
i	051	28	0	0	0	2	0.13333333333333333	0	4	4	14	14	0	0	2	0	0
i	052	11	11	0	0	1	0.08333333333333333	2	2	2	11	11	11	1	2	0	0
i	053	10	10	0	0	1	0.08333333333333333	2	2	2	10	10	10	1	2	0	0
i	054	11	11	0	0	1	0.08333333333333333	2	2	2	11	11	11	1	2	0	0
i	055	11	9	0	0	2	0.18181818181818182	2	2	2	9	9	9	1	2	0	0
i	056	5	5	0	0	1	0.125	2	2	2	5	5	5	1	2	0	0
i	057	12	12	0	0	1	0.0625	2	2	2	12	12	12	1	2	0	0
i	058	18	0	0	0	2	0.2	0	4	4	9	9	0	0	2	0	0
i	059	13	13	0	0	1	0.0625	2	2	2	13	13	13	1	2	0	0
i	060	13	13	0	0	1	0.07142857142857142	2	2	2	13	13	13	1	2	0	0
i	061	16	13	2	1	1	0.2	2	3	4	14	13	13	3	2	0	0
i	062	10	10	0	0	1	0.08333333333333333	2	2	2	10	10	10	1	2	0	0
i	063	12	12	0	0	1	0.07142857142857142	4	2	2	12	12	12	0	2	0	0
i	064	15	15	0	0	1	0.058823529411764705	4	2	2	15	15	15	0	2	0	0
i	065	15	6	1	2	3	0.38461538461538464	0	5	5	7	6	7	4	2	0	0
i	066	12	12	0	0	1	0.07692307692307693	2	2	2	12	12	12	1	2	0	0
i	067	8	8	0	0	1	0.08333333333333333	2	2	2	8	8	8	1	2	0	0
i	068	27	0	0	3	5	0.38461538461538464	0	4	4	9	9	0	0	2	0	0
i	069	15	8	0	1	2	0.2857142857142857	1	3	3	9	9	8	1	2	0	0
i	070	12	12	0	0	1	0.07142857142857142	4	2	2	12	12	12	0	2	0	0
i	071	10	8	2	0	1	0.3	2	3	3	8	8	8	3	2	0	0
i	072	9	9	0	0	1	0.09090909090909091	2	2	2	9	9	9	1	2	0	0
i	073	6	6	0	0	1	0.1111111111111111	2	2	2	6	6	6	1	2	0	0
i	074	20	0	0	0	2	0.18181818181818182	0	4	4	10	10	0	0	2	0	0
i	075	10	10	0	0	1	0.08333333333333333	2	2	2	10	10	10	1	2	0	0
i	076	15	7	0	0	2	0.15384615384615385	1	4	3	10	11	7	0	2	0	0
i	077	26	0	0	0	2	0.14285714285714285	0	4	4	13	13	0	0	2	0	0
i	078	8	6	0	0	2	0.2222222222222222	3	2	2	6	6	6	0	2	0	0
i	079	12	12	0	0	1	0.07142857142857142	4	2	2	12	12	12	0	2	0	0
i	080	24	0	0	0	2	0.15384615384615385	0	4	4	12	12	0	0	2	0	0
i	081	8	8	0	0	1	0.1	2	2	2	8	8	8	1	2	0	0
i	082	30	0	0	0	2	0.11764705882352941	0	4	4	15	15	0	0	2	0	0
i	083	7	7	0	0	1	0.125	2	2	2	7	7	7	1	2	0	0
i	084	22	0	0	0	2	0.16666666666666666	0	4	4	11	11	0	0	2	0	0
i	085	24	0	0	0	2	0.14285714285714285	0	4	4	12	12	0	0	2	0	0
i	086	8	8	0	0	1	0.1111111111111111	2	2	2	8	8	8	1	2	0	0
i	087	7	7	0	0	1	0.1111111111111111	2	2	2	7	7	7	1	2	0	0
i	088	9	9	0	0	1	0.09090909090909091	2	2	2	9	9	9	1	2	0	0
i	089	11	11	0	0	1	0.06666666666666667	2	2	2	11	11	11	1	2	0	0
i	090	13	13	0	0	1	0.07142857142857142	2	2	2	13	13	13	1	2	0	0
i	091	30	0	0	10	3	0.2727272727272727	0	6	6	10	10	0	0	2	0	0
i	092	10	10	0	0	1	0.07692307692307693	2	2	2	10	10	10	1	2	0	0
i	093	10	8	1	0	1	0.18181818181818182	1	3	2	9	8	8	2	2	0	0
i	094	11	7	0	0	1	0.16666666666666666	1	2	3	9	8	7	1	2	0	0
i	095	13	13	0	0	1	0.07142857142857142	2	2	2	13	13	13	1	2	0	0
i	096	15	11	0	0	2	0.13333333333333333	2	2	2	11	11	11	1	2	0	0
i	097	8	8	0	0	1	0.1111111111111111	2	2	2	8	8	8	1	2	0	0
i	098	9	9	0	0	1	0.08333333333333333	2	2	2	9	9	9	1	2	0	0
i	099	14	7	1	1	3	0.38461538461538464	1	3	3	7	9	9	2	2	0	0
j	000	19	2	1	2	3	0.5	1	5	6	9	10	7	3	2	0	0
j	001	36	0	0	5	6	0.4666666666666667	1	7	10	14	11	11	6	2	0	0
j	002	12	7	1	1	2	0.36363636363636365	1	3	4	8	7	9	4	2	0	0
j	003	18	5	1	3	1	0.5454545454545454	1	4	5	8	9	8	2	2	0	0
j	004	12	8	1	0	1	0.2727272727272727	1	2	3	8	9	8	2	2	0	0
j	005	13	6	2	2	1	0.5	1	3	5	7	7	7	3	2	0	0
j	006	21	6	3	2	2	0.5	2	4	5	14	13	15	4	2	0	0
j	007	18	9	2	2	1	0.46153846153846156	3	3	5	11	11	12	2	2	0	0
j	008	19	11	3	2	1	0.42857142857142855	1	4	5	11	12	11	4	2	0	0
j	009	21	6	3	3	3	0.5833333333333334	1	5	6	10	11	10	4	2	0	0
j	010	41	2	0	5	7	0.6428571428571429	0	7	4	11	12	2	0	1	0	0
j	011	16	9	3	1	1	0.38461538461538464	1	4	6	11	11	11	4	2	0	0
j	012	18	4	2	2	2	0.5833333333333334	1	5	5	8	9	8	4	2	0	0
j	013	34	0	0	4	5	0.5384615384615384	0	6	5	10	10	0	0	2	0	0
j	014	15	8	2	2	2	0.38461538461538464	1	3	5	8	8	9	3	2	0	0
j	015	13	6	3	1	1	0.45454545454545453	1	4	6	8	8	8	4	2	0	0
j	016	16	9	3	1	1	0.35714285714285715	2	3	3	11	12	14	4	2	0	1
j	017	31	0	0	4	4	0.6363636363636364	0	5	7	8	10	1	0	2	0	0
j	018	15	8	3	1	1	0.38461538461538464	3	3	4	11	10	11	3	2	0	0
j	019	16	5	1	2	3	0.45454545454545453	2	3	4	9	9	9	2	2	0	0
j	020	12	9	3	1	1	0.3333333333333333	2	4	4	9	9	9	4	2	0	0
j	021	42	0	0	4	5	0.6	0	7	7	12	12	0	0	2	0	0
j	022	52	0	0	5	8	0.625	0	6	8	13	13	0	0	2	0	0
j	023	23	10	4	2	1	0.5333333333333333	1	5	6	13	12	12	4	2	0	0
j	024	20	5	2	2	2	0.5	1	5	6	11	12	10	3	2	0	0
j	025	16	9	2	2	1	0.38461538461538464	1	3	5	10	10	10	3	2	0	0
j	026	17	7	2	2	1	0.5	1	3	4	10	10	11	3	2	0	0
j	027	13	8	2	1	1	0.36363636363636365	1	3	4	8	9	8	3	2	0	0
j	028	12	5	2	1	1	0.45454545454545453	1	3	4	5	6	5	3	2	0	0
j	029	17	11	3	0	2	0.3333333333333333	2	3	3	12	12	15	5	2	0	1
j	030	8	4	3	0	1	0.5	2	3	3	5	5	6	4	2	0	0
j	031	18	6	3	2	2	0.5	2	4	6	11	11	11	4	2	0	0
j	032	19	6	2	3	2	0.35714285714285715	1	3	4	11	13	12	3	2	0	0
j	033	34	3	0	7	6	0.4	0	7	8	12	13	9	4	2	0	0
j	034	15	4	1	2	2	0.5	2	3	4	8	8	8	2	2	0	0
j	035	15	5	0	2	3	0.45454545454545453	2	3	2	7	7	8	1	2	0	0
j	036	25	6	3	5	3	0.5714285714285714	1	8	7	11	12	10	5	2	0	0
j	037	20	10	1	3	1	0.42857142857142855	1	3	4	11	11	11	2	2	0	0
j	038	13	9	1	0	1	0.23076923076923078	1	2	3	9	10	9	2	2	0	0
j	039	17	9	0	1	1	0.2857142857142857	1	3	3	11	11	11	1	2	0	0
j	040	22	6	4	2	2	0.5	2	5	6	14	15	15	5	2	0	0
j	041	20	9	2	2	3	0.5	1	3	5	10	10	10	3	2	0	0
j	042	21	3	2	2	2	0.5833333333333334	2	4	6	10	10	9	2	2	0	0
j	043	20	8	1	2	1	0.42857142857142855	1	4	4	11	11	11	2	2	0	0
j	044	12	7	2	1	1	0.36363636363636365	1	3	4	9	8	9	3	2	0	0
j	045	15	5	4	2	2	0.7	2	5	4	6	6	9	5	2	0	3
j	046	11	3	1	0	2	0.5	0	3	3	3	5	3	3	2	0	0
j	047	12	7	3	1	2	0.45454545454545453	2	4	4	7	7	7	4	2	0	0
j	048	15	5	2	2	2	0.4166666666666667	2	3	4	9	10	10	3	2	0	0
j	049	20	9	1	2	2	0.42857142857142855	1	4	3	10	11	10	2	2	0	0
j	050	13	6	2	1	1	0.45454545454545453	2	3	4	8	9	10	3	2	0	0
j	051	12	8	1	0	1	0.25	1	2	3	8	9	8	2	2	0	0
j	052	41	0	0	5	7	0.4666666666666667	0	6	4	13	13	0	0	2	0	0
j	053	22	5	4	3	2	0.8333333333333334	0	5	7	7	6	6	5	2	0	0
j	054	11	8	2	1	1	0.3	2	3	4	8	9	8	3	2	0	0
j	055	14	7	3	1	2	0.5	2	3	4	8	7	11	5	2	0	1
j	056	23	7	1	4	3	0.5384615384615384	1	4	4	11	11	10	3	2	0	0
j	057	14	5	1	1	2	0.36363636363636365	2	3	3	10	9	10	2	2	0	0
j	058	19	5	3	2	3	0.5	2	5	7	10	10	8	3	2	0	0
j	059	15	10	1	1	1	0.2857142857142857	4	3	2	11	11	13	1	2	0	0
j	060	18	6	1	3	3	0.5	2	3	4	9	9	9	2	2	0	0
j	061	15	7	3	2	1	0.42857142857142855	2	4	5	7	8	7	4	2	0	0
j	062	16	9	2	1	1	0.2857142857142857	2	3	4	12	13	13	3	2	0	0
j	063	43	0	0	4	7	0.4375	0	6	5	14	13	0	0	2	0	0
j	064	16	10	2	2	1	0.2857142857142857	3	4	4	11	12	11	2	2	0	0
j	065	15	6	3	2	1	0.5	1	3	5	8	8	8	4	2	0	0
j	066	20	6	2	2	2	0.46153846153846156	2	3	3	13	13	14	3	2	0	0
j	067	24	6	1	2	3	0.5	2	5	5	13	13	13	3	2	0	0
j	068	17	9	1	0	3	0.4	1	2	3	8	9	9	2	2	0	0
j	069	24	10	4	3	2	0.5714285714285714	1	4	5	13	14	13	4	1	0	0
j	070	14	5	3	2	1	0.6	2	4	4	6	7	7	4	2	0	0
j	071	17	6	3	3	2	0.5833333333333334	1	4	6	8	8	8	4	2	0	0
j	072	22	7	3	3	3	0.5	2	4	6	13	13	13	4	2	0	0
j	073	17	8	3	3	2	0.5	3	3	5	10	10	10	3	2	0	0
j	074	43	0	0	3	4	0.6666666666666666	0	9	9	12	12	0	0	2	0	0
j	075	15	7	4	1	2	0.6363636363636364	2	5	5	7	7	7	5	2	0	0
j	076	13	5	3	1	1	0.5	2	4	5	8	9	9	4	2	0	0
j	077	34	0	0	4	4	0.5	0	6	8	12	12	0	0	2	0	0
j	078	17	9	4	1	2	0.5	2	5	6	8	9	9	5	2	0	0
j	079	16	12	0	0	1	0.2	1	3	3	13	13	12	1	2	0	0
j	080	12	6	3	2	1	0.5	2	3	4	6	7	7	4	2	0	0
j	081	16	7	2	1	2	0.38461538461538464	2	3	4	10	11	11	3	2	0	0
j	082	16	6	2	2	1	0.5	1	5	4	7	8	7	3	2	0	0
j	083	17	8	1	2	1	0.4166666666666667	1	3	4	10	10	10	2	2	0	0
j	084	11	5	3	1	1	0.625	1	4	5	7	6	7	4	2	0	0
j	085	18	9	2	2	2	0.38461538461538464	2	3	5	12	12	12	3	2	0	0
j	086	17	5	2	2	2	0.6	2	3	5	9	9	9	3	2	0	0
j	087	18	10	1	2	1	0.26666666666666666	3	3	4	13	13	13	1	2	0	0
j	088	19	8	5	2	1	0.5384615384615384	1	4	6	12	12	13	6	2	0	1
j	089	29	8	0	3	4	0.5	0	4	4	10	13	9	0	1	0	0
j	090	18	5	2	2	2	0.45454545454545453	2	3	5	12	12	12	3	2	0	0
j	091	17	7	2	3	2	0.5454545454545454	1	3	5	9	9	9	3	2	0	0
j	092	13	8	4	1	2	0.5	2	4	4	8	8	10	5	2	0	0
j	093	23	7	2	3	3	0.42857142857142855	2	4	5	15	15	15	3	2	0	0
j	094	18	5	2	2	2	0.45454545454545453	2	3	5	12	12	12	3	2	0	0
j	095	15	9	2	2	1	0.3333333333333333	1	4	4	10	11	10	3	2	0	0
j	096	18	8	2	2	1	0.5	1	3	5	10	10	10	3	2	0	0
j	097	20	7	4	2	2	0.5384615384615384	2	5	7	12	12	12	5	2	0	0
j	098	11	2	2	3	1	0.8333333333333334	1	4	4	4	5	4	3	2	0	0
j	099	16	9	1	1	2	0.35714285714285715	2	4	4	10	10	13	5	2	0	0
sad	000	32	3	5	5	8	1.1818181818181819	4	14	13	9	10	6	9	4	0	0
sad	001	34	4	1	6	6	0.7857142857142857	3	12	9	11	8	7	8	4	0	1
sad	002	20	3	3	2	2	0.8461538461538461	5	7	7	11	9	12	6	4	0	1
sad	003	44	1	2	8	9	0.8666666666666667	3	13	12	12	12	16	16	4	3	1
sad	004	31	2	7	3	5	0.9285714285714286	8	11	10	18	19	21	10	4	0	1
sad	005	29	2	3	6	7	0.9166666666666666	3	12	12	7	7	4	7	4	0	1
sad	006	34	3	3	6	5	0.8	2	9	9	7	7	10	14	4	0	3
sad	007	44	4	6	9	6	1.0714285714285714	2	14	13	16	15	7	8	4	0	0
sad	008	24	3	4	4	3	0.9230769230769231	4	10	9	9	10	7	5	4	0	1
sad	009	61	1	0	9	11	0.8125	1	15	14	10	13	4	6	4	0	0
sad	010	29	0	4	6	6	1.0909090909090908	1	12	12	7	7	1	7	4	0	0
sad	011	15	1	2	1	3	0.6	2	7	7	7	7	7	5	4	0	0
sad	012	31	4	6	3	3	1.1538461538461537	6	14	12	12	12	12	9	4	0	0
sad	013	23	2	4	4	5	1.0	4	10	10	9	9	9	9	4	0	3
sad	014	28	2	5	5	5	1.0	3	10	10	10	10	12	10	4	0	3
sad	015	31	1	3	6	6	0.9230769230769231	1	14	14	8	7	1	10	4	0	0
sad	016	32	0	5	5	9	1.2727272727272727	2	21	19	10	10	4	12	4	0	0
sad	017	29	4	4	6	6	0.8461538461538461	3	12	10	9	11	6	6	4	0	0
sad	018	62	3	2	9	10	0.9285714285714286	2	15	13	14	12	4	5	4	0	0
sad	019	31	0	1	5	7	0.9090909090909091	1	12	12	9	10	5	3	4	0	0
sad	020	32	0	2	4	6	0.7692307692307693	4	10	10	15	15	10	4	4	0	0
sad	021	25	3	6	4	6	0.9230769230769231	4	12	11	8	9	7	10	4	0	1
sad	022	28	3	4	4	7	0.9166666666666666	2	13	12	9	8	5	10	4	0	0
sad	023	27	2	5	4	4	0.9230769230769231	3	11	11	9	8	9	11	4	0	0
sad	024	36	3	2	8	6	0.8	1	10	11	9	14	8	7	4	0	0
sad	025	25	3	1	5	5	0.6363636363636364	2	9	7	11	11	5	2	4	0	0
sad	026	16	6	8	2	1	0.7857142857142857	2	9	9	6	6	8	13	4	0	1
sad	027	18	3	9	3	1	1.1818181818181819	1	10	10	4	4	6	14	4	0	2
sad	028	36	0	4	5	8	1.2307692307692308	6	16	14	9	9	16	20	4	0	4
sad	029	22	6	6	3	2	1.0769230769230769	1	10	9	7	8	7	8	4	0	0
sad	030	53	1	2	13	9	0.75	1	14	14	15	16	3	5	4	0	0
sad	031	27	3	4	4	5	0.8461538461538461	4	12	10	11	11	9	6	4	0	0
sad	032	24	3	6	4	5	0.9166666666666666	4	12	12	10	10	8	9	4	0	1
sad	033	60	3	0	8	13	0.9285714285714286	4	16	15	10	10	5	13	4	0	0
sad	034	33	2	1	5	6	0.8	6	10	9	14	17	17	7	4	0	0
sad	035	46	0	2	12	9	0.6875	1	13	12	16	15	3	6	4	0	0
sad	036	28	0	1	4	4	0.8571428571428571	2	10	9	14	14	8	2	4	0	0
sad	037	27	3	3	4	7	0.8333333333333334	4	14	11	11	12	8	7	4	0	0
sad	038	33	3	5	2	5	0.6470588235294118	6	9	8	18	17	22	11	4	0	4
sad	039	73	0	2	12	12	1.125	0	20	20	15	13	2	6	4	1	0
sad	040	25	5	3	4	4	0.7857142857142857	0	7	6	10	9	9	5	4	0	0
sad	041	28	4	4	3	4	0.625	5	9	8	15	16	18	9	4	0	2
sad	042	43	2	5	5	9	0.9375	1	18	15	11	14	6	9	4	1	0
sad	043	28	3	3	5	6	0.9166666666666666	3	13	10	10	9	6	6	4	0	0
sad	044	16	2	4	4	2	1.0	1	7	5	6	6	7	7	3	0	0
sad	045	25	3	5	4	5	1.0	3	12	12	9	9	8	10	4	0	2
sad	046	40	2	2	6	8	0.8571428571428571	0	18	13	9	9	4	9	4	0	0
sad	047	59	1	0	8	11	0.9333333333333333	0	14	15	8	9	5	7	4	2	0
sad	048	31	1	1	6	5	0.9090909090909091	1	13	14	7	9	2	8	4	0	0
sad	049	34	2	7	6	7	1.4	2	15	15	7	7	2	8	4	0	0
sad	050	29	4	4	5	5	0.9230769230769231	4	11	12	11	11	9	10	4	0	0
sad	051	20	1	3	4	2	0.9090909090909091	1	9	7	7	7	7	8	4	0	0
sad	052	32	1	0	6	6	0.8333333333333334	0	12	11	9	8	3	6	4	0	0
sad	053	31	2	4	6	3	1.0769230769230769	2	12	9	10	11	7	7	4	0	0
sad	054	19	2	8	2	1	0.9285714285714286	2	11	10	6	5	9	13	4	0	2
sad	055	54	0	0	8	8	0.8571428571428571	2	16	18	14	14	0	6	4	0	0
sad	056	34	2	8	5	5	1.25	2	11	12	11	9	8	9	4	0	1
sad	057	28	6	2	3	5	0.5625	3	7	9	12	13	12	5	4	0	1
sad	058	50	4	6	7	9	1.2	0	18	17	9	8	4	7	4	1	0
sad	059	22	1	4	5	2	0.9230769230769231	1	6	6	7	7	11	8	4	0	2
sad	060	19	2	2	3	4	0.7	4	10	9	9	10	6	4	4	0	0
sad	061	58	2	1	10	11	0.8666666666666667	0	14	15	11	8	4	5	4	0	0
sad	062	17	1	2	2	2	0.8	6	6	5	10	11	12	4	4	0	1
sad	063	24	1	8	4	3	0.9230769230769231	5	10	10	10	12	11	10	4	0	0
sad	064	42	0	2	8	6	0.8571428571428571	2	14	16	13	13	0	6	4	0	0
sad	065	67	1	2	10	10	0.9375	1	18	16	20	18	8	5	4	1	0
sad	066	57	2	2	8	11	1.0	1	15	15	7	7	4	6	4	0	0
sad	067	30	5	3	5	5	0.6666666666666666	4	13	12	14	13	8	7	4	0	0
sad	068	36	1	4	5	6	0.7058823529411765	2	10	10	15	13	12	6	4	0	2
sad	069	22	0	9	2	1	1.0714285714285714	3	16	15	5	4	4	16	4	0	0
sad	070	24	1	6	4	2	0.9166666666666666	4	9	8	11	10	10	8	4	0	0
sad	071	31	1	4	7	5	0.8571428571428571	1	11	9	12	12	8	6	4	0	0
sad	072	30	0	4	5	7	1.0	1	16	14	10	10	4	8	4	0	0
sad	073	62	2	0	10	12	1.0666666666666667	0	17	17	10	10	5	5	4	0	0
sad	074	26	6	5	4	5	0.7857142857142857	4	12	11	10	11	8	9	4	0	0
sad	075	68	1	0	10	12	0.9411764705882353	2	17	17	11	11	6	8	4	1	1
sad	076	23	2	2	4	4	0.8181818181818182	1	12	10	8	8	4	6	4	0	0
sad	077	17	0	5	2	2	1.0	1	6	6	6	8	7	8	3	0	1
sad	078	15	1	1	3	2	0.75	1	7	5	7	7	7	5	4	0	0
sad	079	32	0	2	5	8	0.9090909090909091	2	16	16	9	9	1	10	4	0	0
sad	080	57	4	2	7	11	0.8666666666666667	4	18	16	16	16	8	7	4	0	0
sad	081	63	1	1	9	11	0.8	2	13	14	13	14	5	4	4	0	0
sad	082	67	3	0	11	14	0.8235294117647058	2	19	18	13	13	6	7	4	0	0
sad	083	20	3	3	2	5	0.75	8	7	6	12	13	13	4	4	0	0
sad	084	23	2	3	5	5	0.75	3	10	9	9	8	6	5	4	0	0
sad	085	51	4	2	8	9	0.8666666666666667	2	14	16	15	11	6	7	4	0	0
sad	086	29	2	5	5	4	0.7692307692307693	7	9	10	18	19	20	8	4	0	0
sad	087	21	2	4	4	1	0.8571428571428571	3	10	9	5	6	6	11	4	0	0
sad	088	22	0	4	3	2	0.8461538461538461	5	8	7	9	10	11	6	3	0	0
sad	089	23	3	7	3	3	1.0	1	10	9	7	8	10	11	4	0	2
sad	090	19	1	5	2	4	1.0	2	11	9	7	7	7	9	4	0	0
sad	091	22	0	4	3	3	1.1111111111111112	2	9	7	9	9	9	7	3	0	0
sad	092	30	3	6	6	5	0.9285714285714286	3	11	10	10	11	9	8	4	0	1
sad	093	31	0	0	5	6	0.9090909090909091	1	13	11	9	9	3	3	4	0	0
sad	094	29	1	3	5	4	0.6428571428571429	2	7	7	13	13	11	5	4	0	0
sad	095	29	3	1	5	6	0.6923076923076923	4	9	8	15	15	9	2	4	0	0
sad	096	45	0	5	7	7	1.1428571428571428	2	13	12	13	12	5	8	4	0	0
sad	097	38	3	6	8	5	1.1666666666666667	3	14	13	12	13	4	9	4	0	0
sad	098	18	3	4	2	3	0.7272727272727273	4	9	8	10	9	10	7	4	0	0
sad	099	29	3	3	6	3	0.8571428571428571	1	10	9	8	11	5	6	4	0	0
smiley	000	51	0	3	11	8	1.1538461538461537	0	12	13	17	18	6	6	4	0	0
smiley	001	24	3	3	5	5	0.9	3	9	9	10	8	7	5	4	0	0
smiley	002	29	2	6	4	4	1.2727272727272727	8	10	10	13	13	16	9	4	0	2
smiley	003	41	1	6	8	5	0.9230769230769231	4	11	11	20	20	14	9	4	0	2
smiley	004	26	2	1	5	6	0.9	3	11	12	10	9	6	5	4	0	0
smiley	005	23	1	2	4	5	1.0	1	10	11	7	8	2	5	4	0	0
smiley	006	14	2	7	2	1	1.0	1	6	7	3	4	7	10	3	0	3
smiley	007	37	0	4	8	7	1.2727272727272727	1	12	14	11	12	6	8	4	0	0
smiley	008	39	2	4	6	9	1.0666666666666667	2	12	13	13	12	23	17	4	2	2
smiley	009	25	4	8	2	4	1.1666666666666667	8	9	8	10	10	17	13	4	0	4
smiley	010	33	1	3	6	6	1.2727272727272727	0	13	15	8	8	2	7	4	0	0
smiley	011	29	3	9	5	5	1.0	6	11	13	10	10	10	14	4	0	0
smiley	012	18	3	3	1	3	0.8181818181818182	4	7	9	8	8	11	8	4	0	1
smiley	013	29	3	5	6	7	0.9230769230769231	2	14	15	7	7	3	13	4	0	1
smiley	014	39	3	2	5	6	0.9230769230769231	5	13	12	14	13	11	7	4	0	0
smiley	015	32	0	4	5	8	1.0909090909090908	2	12	14	12	12	6	8	4	0	0
smiley	016	32	1	4	4	7	1.2	2	15	11	10	10	8	7	4	0	1
smiley	017	30	3	3	4	5	0.8461538461538461	4	11	10	12	12	10	5	4	0	1
smiley	018	17	2	7	2	0	1.0909090909090908	2	9	10	6	5	9	13	4	0	2
smiley	019	27	0	3	5	6	0.9	1	10	10	9	11	5	7	4	0	2
smiley	020	27	3	4	5	6	1.0	3	11	12	10	11	9	9	4	0	1
smiley	021	21	1	4	3	5	1.0	4	7	9	10	10	12	7	4	0	0
smiley	022	48	1	2	8	10	1.0	1	17	19	9	12	5	13	4	0	0
smiley	023	27	3	7	3	4	1.2727272727272727	6	12	14	10	10	10	9	4	0	0
smiley	024	35	1	1	6	7	0.9090909090909091	0	11	13	11	11	1	3	4	0	0
smiley	025	35	3	4	7	6	1.0	3	9	12	11	12	6	5	4	0	0
smiley	026	38	1	5	5	6	1.1428571428571428	1	17	15	8	8	2	8	4	0	1
smiley	027	33	1	2	6	6	1.1	1	13	17	7	8	2	10	4	0	0
smiley	028	26	0	4	4	2	1.1818181818181819	1	8	7	11	11	16	10	4	0	3
smiley	029	16	2	3	2	2	0.8	3	9	11	6	6	5	9	4	0	0
smiley	030	51	0	2	6	10	0.8666666666666667	1	14	15	9	14	3	9	4	0	0
smiley	031	15	1	5	2	2	1.125	4	8	8	7	7	10	10	4	0	2
smiley	032	40	4	2	6	10	0.9285714285714286	4	13	14	6	6	8	17	4	0	3
smiley	033	20	3	4	3	3	1.1111111111111112	1	9	6	8	9	11	9	4	0	1
smiley	034	37	4	6	8	5	1.0	3	13	13	13	15	6	9	4	0	0
smiley	035	26	2	5	3	3	0.9285714285714286	1	9	9	11	11	13	10	4	0	0
smiley	036	21	2	3	3	2	1.0	1	8	10	6	6	6	8	4	0	0
smiley	037	26	2	10	3	3	1.6	6	14	14	7	7	6	12	4	0	0
smiley	038	74	2	0	10	15	1.1428571428571428	1	17	19	13	13	2	0	4	0	0
smiley	039	27	1	3	6	4	0.7692307692307693	1	9	11	10	10	4	6	4	0	0
smiley	040	24	1	4	4	4	1.125	2	10	12	9	9	5	6	4	0	0
smiley	041	30	0	2	5	8	1.0	2	11	13	11	11	5	5	4	0	0
smiley	042	44	1	1	7	9	1.0	2	15	17	9	10	3	11	4	0	0
smiley	043	32	2	8	4	3	0.9333333333333333	7	10	11	17	16	20	15	4	0	3
smiley	044	26	1	4	2	3	0.75	6	8	10	15	15	15	6	4	0	0
smiley	045	29	2	3	5	6	0.9166666666666666	1	10	13	8	9	4	6	4	0	0
smiley	046	20	0	3	4	1	1.375	4	8	8	9	9	13	8	4	0	1
smiley	047	22	6	3	3	2	1.0	3	8	9	8	9	8	7	4	0	0
smiley	048	35	2	6	6	5	0.9285714285714286	5	10	11	18	17	18	11	4	0	1
smiley	049	62	0	5	12	12	1.2142857142857142	1	21	22	19	16	9	12	4	2	0
smiley	050	56	2	2	8	10	1.0714285714285714	3	17	19	13	12	7	9	4	0	0
smiley	051	24	3	5	3	4	0.9090909090909091	4	12	14	11	11	7	7	4	0	0
smiley	052	23	2	7	4	4	1.1818181818181819	2	12	12	7	7	6	13	4	0	2
smiley	053	38	1	3	6	8	0.9375	9	9	9	21	19	26	10	5	1	1
smiley	054	55	3	0	10	11	0.8461538461538461	1	13	15	13	10	7	11	4	0	0
smiley	055	51	0	3	8	11	1.0769230769230769	1	13	17	12	14	4	6	4	0	0
smiley	056	38	0	1	6	7	0.7692307692307693	2	13	10	14	15	9	1	4	0	0
smiley	057	27	5	7	3	5	0.9285714285714286	5	12	13	12	11	12	12	4	0	0
smiley	058	30	3	9	4	4	1.1428571428571428	6	13	13	9	9	8	10	4	0	0
smiley	059	38	2	5	4	7	1.0	2	15	18	13	11	8	13	4	0	0
smiley	060	33	0	0	5	6	0.9166666666666666	4	7	9	14	14	12	3	4	0	0
smiley	061	68	3	1	8	11	1.0714285714285714	4	18	20	13	13	7	11	4	0	0
smiley	062	21	1	9	1	2	1.4	6	11	13	7	7	11	13	4	0	2
smiley	063	27	5	5	6	5	0.8461538461538461	4	10	11	10	9	8	12	4	0	2
smiley	064	41	1	3	6	8	1.1818181818181819	1	14	14	11	11	4	5	4	0	0
smiley	065	39	0	2	8	8	0.9166666666666666	1	12	14	11	13	8	7	4	0	2
smiley	066	25	3	5	4	3	1.0	2	11	13	9	9	5	6	4	0	0
smiley	067	32	2	2	4	7	1.1	3	16	20	10	10	6	11	4	0	0
smiley	068	57	3	0	6	12	0.9230769230769231	2	14	19	10	11	8	11	3	0	1
smiley	069	27	4	8	5	5	1.1666666666666667	3	12	11	10	9	9	12	4	0	2
smiley	070	15	2	5	3	0	1.25	4	9	10	6	5	6	11	4	0	1
smiley	071	25	0	2	4	6	0.8181818181818182	2	11	11	10	10	7	11	4	0	1
smiley	072	18	2	8	2	0	1.0833333333333333	2	9	9	6	6	9	14	4	0	1
smiley	073	37	1	4	4	5	0.8	8	10	11	22	21	22	8	4	0	0
smiley	074	29	1	6	5	5	1.1818181818181819	4	11	11	11	11	10	11	4	0	3
smiley	075	62	0	1	10	12	1.1538461538461537	2	22	22	13	13	5	9	4	0	0
smiley	076	26	3	7	5	5	1.3	3	13	12	9	8	6	11	4	0	1
smiley	077	39	1	4	7	6	0.8571428571428571	0	13	14	13	13	4	8	4	0	0
smiley	078	21	1	7	3	4	1.2	1	9	9	6	8	11	12	4	0	2
smiley	079	20	3	9	1	3	1.0833333333333333	8	10	8	7	7	13	12	4	0	4
smiley	080	34	0	8	6	4	1.0714285714285714	7	10	9	17	18	23	12	4	0	3
smiley	081	23	1	7	5	3	1.0	0	9	10	8	7	8	11	4	0	0
smiley	082	21	2	9	2	2	1.0	6	8	8	9	9	15	13	4	0	4
smiley	083	60	0	1	10	12	1.2307692307692308	0	18	20	7	9	7	16	4	2	0
smiley	084	26	0	6	2	4	1.4	8	12	16	8	8	8	12	4	0	0
smiley	085	31	1	7	6	5	1.2	4	12	12	13	13	7	9	4	0	1
smiley	086	34	2	2	5	5	0.7142857142857143	5	8	9	17	17	15	3	4	0	0
smiley	087	43	3	3	6	7	0.9166666666666666	3	12	16	14	14	7	10	4	0	0
smiley	088	34	0	8	5	6	1.0769230769230769	1	17	17	10	10	0	12	4	0	0
smiley	089	16	3	6	3	1	0.8333333333333334	2	8	9	7	6	7	9	4	0	0
smiley	090	31	0	4	5	4	1.1818181818181819	2	8	10	13	13	13	8	3	0	0
smiley	091	32	1	3	6	6	1.0	1	13	15	9	8	3	11	4	0	0
smiley	092	42	2	1	8	8	0.7857142857142857	3	10	12	14	14	11	9	4	0	1
smiley	093	25	2	2	4	3	0.7	8	6	8	16	16	16	3	4	0	0
smiley	094	37	3	4	6	7	1.0	3	13	13	12	12	9	8	4	0	2
smiley	095	29	0	3	5	6	0.9	2	11	12	12	13	7	6	4	0	1
smiley	096	22	0	2	3	4	1.0	2	8	12	5	5	6	14	4	0	2
smiley	097	32	3	3	7	6	0.6	2	10	11	12	10	4	8	4	0	0
smiley	098	25	4	3	3	4	1.0	4	9	11	11	11	11	8	4	0	0
smiley	099	33	2	5	5	4	1.1666666666666667	7	10	12	14	14	14	7	4	0	0
xclaim	000	42	0	0	14	3	0.2	0	6	6	14	14	0	0	2	0	0
xclaim	001	32	0	0	2	2	0.26666666666666666	0	4	4	10	10	0	4	2	0	0
xclaim	002	18	0	0	0	2	0.2	0	4	4	9	9	0	0	2	0	0
xclaim	003	10	10	0	0	1	0.08333333333333333	2	2	2	10	10	10	1	2	0	0
xclaim	004	36	0	0	12	3	0.23076923076923078	0	6	6	12	12	0	0	2	0	0
xclaim	005	9	9	0	0	1	0.09090909090909091	2	2	2	9	9	9	1	2	0	0
xclaim	006	11	11	0	0	1	0.08333333333333333	2	2	2	11	11	11	1	2	0	0
xclaim	007	12	12	0	0	1	0.07692307692307693	2	2	2	12	12	12	1	2	0	0
xclaim	008	14	10	0	0	1	0.15384615384615385	1	4	2	10	12	10	2	2	0	0
xclaim	009	34	0	0	11	3	0.2857142857142857	0	6	6	10	10	0	0	2	0	0
xclaim	010	11	11	0	0	1	0.08333333333333333	4	2	2	11	11	11	0	2	0	0
xclaim	011	8	8	0	0	1	0.1	2	2	2	8	8	8	1	2	0	0
xclaim	012	10	10	0	0	1	0.07692307692307693	2	2	2	10	10	10	1	2	0	0
xclaim	013	20	2	0	0	2	0.21428571428571427	1	4	3	10	11	2	0	2	0	0
xclaim	014	18	0	0	0	2	0.2	0	4	4	9	9	0	0	2	0	0
xclaim	015	12	12	0	0	1	0.07692307692307693	2	2	2	12	12	12	1	2	0	0
xclaim	016	6	6	0	0	1	0.125	2	2	2	6	6	6	1	2	0	0
xclaim	017	54	0	0	12	5	0.38461538461538464	0	8	8	12	12	0	0	2	0	0
xclaim	018	3	3	0	0	1	0.25	2	2	2	3	3	3	1	2	0	0
xclaim	019	7	7	0	0	1	0.09090909090909091	2	2	2	7	7	7	1	2	0	0
xclaim	020	16	0	0	0	2	0.16666666666666666	0	4	4	8	8	0	0	2	0	0
xclaim	021	12	12	0	0	1	0.07692307692307693	2	2	2	12	12	12	1	2	0	0
xclaim	022	24	0	0	0	2	0.15384615384615385	0	4	4	12	12	0	0	2	0	0
xclaim	023	12	12	0	0	1	0.07142857142857142	2	2	2	12	12	12	1	2	0	0
xclaim	024	19	1	0	0	2	0.16666666666666666	0	4	3	10	9	1	0	2	0	0
xclaim	025	21	1	0	0	2	0.16666666666666666	0	4	3	10	11	1	0	2	0	0
xclaim	026	18	9	0	3	3	0.21428571428571427	2	4	4	12	12	9	0	2	0	0
xclaim	027	10	10	0	0	1	0.08333333333333333	4	2	2	10	10	10	0	2	0	0
xclaim	028	15	11	0	0	1	0.14285714285714285	2	3	3	13	13	11	0	2	0	0
xclaim	029	13	13	0	0	1	0.06666666666666667	2	2	2	13	13	13	1	2	0	0
xclaim	030	12	12	0	0	1	0.07142857142857142	2	2	2	12	12	12	1	2	0	0
xclaim	031	24	6	0	0	2	0.125	1	3	4	14	13	6	0	2	0	0
xclaim	032	32	2	0	0	2	0.1111111111111111	0	4	2	17	15	2	1	2	0	0
xclaim	033	24	0	0	0	2	0.15384615384615385	0	4	4	12	12	0	0	2	0	0
xclaim	034	11	11	0	0	2	0.15384615384615385	2	2	2	10	10	11	1	2	0	0
xclaim	035	21	1	0	0	2	0.15384615384615385	0	4	3	10	11	1	0	2	0	0
xclaim	036	10	8	0	0	2	0.15384615384615385	2	2	2	8	8	8	1	2	0	0
xclaim	037	8	8	0	0	1	0.1111111111111111	2	2	2	8	8	8	1	2	0	0
xclaim	038	11	11	1	0	1	0.14285714285714285	2	2	2	10	10	11	2	2	0	0
xclaim	039	12	0	0	0	2	0.25	0	4	4	6	6	0	0	2	0	0
xclaim	040	11	11	0	0	1	0.07142857142857142	2	2	2	11	11	11	1	2	0	0
xclaim	041	9	9	0	0	1	0.1	2	2	2	9	9	9	1	2	0	0
xclaim	042	13	13	0	0	1	0.07142857142857142	4	2	2	13	13	13	0	2	0	0
xclaim	043	13	13	0	0	1	0.06666666666666667	2	2	2	13	13	13	1	2	0	0
xclaim	044	13	13	0	0	1	0.07142857142857142	2	2	2	13	13	13	1	2	0	0
xclaim	045	11	11	0	0	1	0.07692307692307693	2	2	2	11	11	11	1	2	0	0
xclaim	046	22	0	0	0	2	0.15384615384615385	0	4	4	11	11	0	0	2	0	0
xclaim	047	25	2	1	1	2	0.2	0	3	5	12	11	2	1	2	0	0
xclaim	048	10	10	0	0	1	0.07692307692307693	2	2	2	10	10	10	1	2	0	0
xclaim	049	22	0	0	0	2	0.15384615384615385	0	4	4	11	11	0	0	2	0	0
xclaim	050	58	0	0	15	4	0.25	0	7	7	14	14	0	0	2	0	0
xclaim	051	22	0	0	0	2	0.15384615384615385	0	4	4	11	11	0	0	2	0	0
xclaim	052	31	1	0	7	4	0.38461538461538464	0	4	5	9	11	8	2	2	2	0
xclaim	053	10	10	0	0	1	0.08333333333333333	4	2	2	10	10	10	0	2	0	0
xclaim	054	9	9	0	0	1	0.16666666666666666	2	2	2	8	8	9	1	2	0	0
xclaim	055	11	11	0	0	1	0.07692307692307693	2	2	2	11	11	11	1	2	0	0
xclaim	056	30	0	0	0	2	0.125	0	4	4	15	15	0	0	2	0	0
xclaim	057	50	0	0	10	5	0.4166666666666667	0	10	10	10	10	0	0	2	0	0
xclaim	058	9	9	0	0	1	0.1	2	2	2	9	9	9	1	2	0	0
xclaim	059	20	0	0	4	3	0.3	0	4	6	6	8	4	1	2	1	0
xclaim	060	12	8	0	0	2	0.21428571428571427	0	2	2	8	8	8	1	2	0	0
xclaim	061	16	10	0	0	2	0.14285714285714285	2	2	3	12	11	10	0	2	0	0
xclaim	062	17	0	1	1	2	0.25	2	4	4	8	6	0	3	2	0	0
xclaim	063	12	12	0	0	1	0.07692307692307693	2	2	2	12	12	12	1	2	0	0
xclaim	064	7	7	0	0	1	0.1	2	2	2	7	7	7	1	2	0	0
xclaim	065	31	0	0	3	3	0.2	0	4	4	14	12	0	0	2	0	0
xclaim	066	11	11	0	0	1	0.07142857142857142	2	2	2	11	11	11	1	2	0	0
xclaim	067	11	11	0	0	1	0.07692307692307693	2	2	2	11	11	11	1	2	0	0
xclaim	068	11	11	0	0	1	0.08333333333333333	2	2	2	11	11	11	1	2	0	0
xclaim	069	7	7	0	0	1	0.1111111111111111	2	2	2	7	7	7	1	2	0	0
xclaim	070	21	3	0	0	2	0.23076923076923078	1	3	4	12	11	3	0	2	0	0
xclaim	071	8	8	0	0	1	0.1111111111111111	2	2	2	8	8	8	1	2	0	0
xclaim	072	11	11	0	0	1	0.07142857142857142	2	2	2	11	11	11	1	2	0	0
xclaim	073	15	15	0	0	1	0.0625	4	2	2	15	15	15	0	2	0	0
xclaim	074	30	0	0	10	3	0.25	0	6	6	10	10	0	0	2	0	0
xclaim	075	11	11	0	0	1	0.08333333333333333	2	2	2	11	11	11	1	2	0	0
xclaim	076	8	8	0	0	1	0.1	2	2	2	8	8	8	1	2	0	0
xclaim	077	20	7	0	3	3	0.23076923076923078	1	4	4	10	10	7	0	2	0	0
xclaim	078	12	12	0	0	1	0.07142857142857142	2	2	2	12	12	12	1	2	0	0
xclaim	079	15	11	1	0	2	0.1875	2	2	3	11	12	11	1	2	0	0
xclaim	080	10	10	0	0	1	0.08333333333333333	2	2	2	10	10	10	1	2	0	0
xclaim	081	17	3	0	0	2	0.18181818181818182	0	2	4	9	8	3	2	2	0	0
xclaim	082	13	13	1	0	1	0.125	2	2	2	13	13	13	1	2	0	0
xclaim	083	7	7	0	0	1	0.1	2	2	2	7	7	7	1	2	0	0
xclaim	084	18	0	0	0	2	0.18181818181818182	0	4	4	9	9	0	0	2	0	0
xclaim	085	14	8	0	0	2	0.15384615384615385	1	2	3	10	11	8	1	2	0	0
xclaim	086	7	7	1	0	1	0.18181818181818182	2	2	2	7	7	7	1	2	0	0
xclaim	087	10	10	0	0	1	0.08333333333333333	2	2	2	10	10	10	1	2	0	0
xclaim	088	9	9	0	0	1	0.08333333333333333	2	2	2	9	9	9	1	2	0	0
xclaim	089	9	9	0	0	1	0.08333333333333333	2	2	2	9	9	9	1	2	0	0
xclaim	090	17	11	0	2	1	0.21428571428571427	2	4	4	13	13	11	0	2	0	0
xclaim	091	52	0	0	15	4	0.25	0	7	8	14	15	0	0	2	0	0
xclaim	092	9	9	0	0	1	0.09090909090909091	2	2	2	9	9	9	1	2	0	0
xclaim	093	11	11	0	0	1	0.07142857142857142	2	2	2	11	11	11	1	2	0	0
xclaim	094	9	9	0	0	1	0.1	2	2	2	9	9	9	1	2	0	0
xclaim	095	16	8	0	0	2	0.14285714285714285	0	4	2	10	10	8	1	2	0	0
xclaim	096	11	11	0	0	2	0.13333333333333333	2	2	2	10	10	11	1	2	0	0
xclaim	097	25	0	1	1	2	0.21428571428571427	0	4	5	11	12	0	1	2	0	0
xclaim	098	10	10	0	0	1	0.08333333333333333	4	2	2	10	10	10	0	2	0	0
xclaim	099	10	10	0	0	1	0.07142857142857142	2	2	2	10	10	10	1	2	0	0
